Id,Probability
0081300002Opd6vAAB,12
0081300002PO6ziAAD,12
0081300002PO7RvAAL,12
0081300002POF3RAAX,12
0081300002POb9jAAD,12
0081300002POhYLAA1,12
0081300002POhboAAD,12
0081300002PP74gAAD,12
0081300002PRenSAAT,12
0081300002PRencAAD,12
0081300002QCJ3DAAX,12
0081300002QCJ3SAAX,12
0081300002QCJ3cAAH,12
0081300002QCcNYAA1,12
0081300002QCdz4AAD,12
0081300002POZZbAAP,12
0081300002PRyBLAA1,12
0081300002Rxar8AAB,12
0081300002S0f5wAAB,12
0084v00003shf2ZAAQ,12
0084v00003shf4aAAA,12
0081300002PObUNAA1,12
0081300002QCIY0AAP,12
0081300002QD11CAAT,12
0081300002Rzp8YAAR,12
0081300002PPYwqAAH,12
0081300002PPYxeAAH,12
0081300002PPYy8AAH,12
0081300002PPmZvAAL,12
0081300002PRYp1AAH,12
0081300002PRdLEAA1,12
0081300002PRegRAAT,12
0081300002PRemtAAD,12
0081300002R98PXAAZ,12
0081300002RAxYNAA1,12
0081300002RylabAAB,12
0081300002SiDcYAAV,12
0081300002SiDeUAAV,12
0081300002Sjz50AAB,12
0081300002Sjz70AAB,12
0081300002d7JVFAA2,12
0084v00003shf2dAAA,12
0084v00003shf4eAAA,12
0081300002QCIhRAAX,12
0081300002QCIjcAAH,12
0081300002QCnuCAAT,12
0081300002QFo7FAAT,12
0081300002QFrUJAA1,12
0081300002RzDMvAAN,12
0084v00003shf2hAAA,12
0084v00003shf4iAAA,12
0081300002QD124AAD,12
0081300002QD15IAAT,12
0081300002QDCrgAAH,12
0081300002QEJzQAAX,12
0081300002QEKYUAA5,12
0081300002QEXAcAAP,12
0081300002QEr7cAAD,12
0081300002QErYiAAL,12
0081300002QErYxAAL,12
0081300002R9757AAB,12
0081300002R988WAAR,12
0081300002R98NWAAZ,12
0081300002R98P3AAJ,12
0081300002RyfoDAAR,12
0081300002Rz11dAAB,12
0081300002RzP3OAAV,12
0084v00003shf2kAAA,12
0084v00003shf4lAAA,12
0081300002QEwYZAA1,12
0081300002QEwYuAAL,12
0081300002QEwZNAA1,12
0081300002QEwbTAAT,12
0081300002QF3QdAAL,12
0081300002QGA6aAAH,12
0081300002R9uCbAAJ,12
0081300002R9uDyAAJ,12
0081300002R9ublAAB,12
0081300002R9xX3AAJ,12
0081300002RAc4oAAD,12
0081300002RBj8uAAD,12
0081300002RynubAAB,12
0081300002QFAeJAAX,12
0081300002Ryb1dAAB,12
0081300002Ryb93AAB,12
0081300002S0SwwAAF,12
0081300002TNy13AAD,12
0081300002TQwjZAAT,12
0081300002UCZT0AAP,12
0084v00003shf2vAAA,12
0084v00003shf4wAAA,12
0081300002QFbsYAAT,12
0081300002R9vzyAAB,12
0081300002RAY1qAAH,12
0081300002RB6xFAAT,12
0081300002RB8sRAAT,12
0081300002RBlv9AAD,12
0081300002RxapbAAB,12
0081300002RzYXWAA3,12
0081300002QFcJiAAL,12
0081300002QFo2FAAT,12
0084v00003shf2zAAA,12
0084v00003shf50AAA,12
0081300002RA690AAD,12
0081300002RA6AXAA1,12
0081300002RA6B1AAL,12
0081300002RA7OpAAL,12
0081300002RA7SIAA1,12
0081300002RAlPdAAL,12
0081300002RygMjAAJ,12
0081300002RyniNAAR,12
0081300002d7JaUAAU,12
0084v00003shf31AAA,12
0084v00003shf52AAA,12
0081300002RAqoiAAD,12
0081300002SiBsAAAV,12
0081300002RB6esAAD,12
0081300002RBP7MAAX,12
0081300002UEdQuAAL,12
0081300002XMui0AAD,12
0081300002ZNapzAAD,12
0081300002RC6unAAD,12
0081300002RC6x8AAD,12
0081300002RygnuAAB,12
0081300002Rz2HaAAJ,12
0081300002SiJ29AAF,12
0081300002TNlj2AAD,12
0081300002TNmEZAA1,12
0081300002TNrxQAAT,12
0081300002d7JbIAAU,12
0084v00003shf37AAA,12
0084v00003shf58AAA,12
0081300002RCCZ7AAP,12
0081300002RCCZfAAP,12
0081300002RCCaiAAH,12
0081300002RCD5XAAX,12
0081300002RCK81AAH,12
0081300002Ryb72AAB,12
0081300002RzAwMAAV,12
0081300002RzxAxAAJ,12
0084v00003shf39AAA,12
0084v00003shf5AAAQ,12
0081300002RybGtAAJ,12
0081300002RybO8AAJ,12
0081300002TNxiGAAT,12
0081300002TQx97AAD,12
0081300002UEdxKAAT,12
0081300002Vgo38AAB,12
0081300002RzXXaAAN,12
0081300002RzXa0AAF,12
0081300002S0J7HAAV,12
0081300002S1MoaAAF,12
0081300002S1MozAAF,12
0081300002TNaUVAA1,12
0081300002TNrFqAAL,12
0081300002TNrHcAAL,12
0081300002TP4fRAAT,12
0081300002UkoetAAB,12
0081B00003hMJejQAG,12
0081B00003hMJekQAG,12
0081300002S0qXNAAZ,12
0081300002S0qYkAAJ,12
0081300002S0qZTAAZ,12
0084v00003shf3bAAA,12
0084v00003shf5cAAA,12
0081300002S0ycaAAB,12
0081300002UCZMYAA5,12
0081300002UlY4jAAF,12
0081300002Vgo59AAB,12
0081300002WS6zNAAT,12
0081300002ZNbvKAAT,12
0081300002aFp6vAAC,12
0081300002b8t8lAAA,12
0081300002c2cCbAAI,12
0081300002S1FmIAAV,12
0081300002S1FnfAAF,12
0081300002S1FoTAAV,12
0084v00003shf3fAAA,12
0084v00003shf5gAAA,12
0081300002S1OxKAAV,12
0081300002S1Oy9AAF,12
0081300002ShPF8AAN,12
0081300002ShPFSAA3,12
0081300002SiCuvAAF,12
0081300002SiCwJAAV,12
0081300002SiCwNAAV,12
0081300002Sk46AAAR,12
0084v00003shf3kAAA,12
0084v00003shf5lAAA,12
0081300002Si7wIAAR,12
0081300002Si7wmAAB,12
0081300002SjrN0AAJ,12
0081300002SjrOSAAZ,12
0081300002SjrOmAAJ,12
0081300002d7JcpAAE,12
0084v00003shf3oAAA,12
0084v00003shf5pAAA,12
0081300002SjrshAAB,12
0081300002SjrtGAAR,12
0084v00003shf3wAAA,12
0084v00003shf5xAAA,12
0081300002TQx6NAAT,12
0081300002TQx8nAAD,12
0081300002TQxQNAA1,12
0081300002TQxe5AAD,12
0081300002TQxlGAAT,12
0081300002UDVRXAA5,12
0081300002UkIjgAAF,12
0084v00003shf4DAAQ,12
0084v00003shf6EAAQ,12
0081300002UlbJDAAZ,12
0081300002WS6lfAAD,12
0081300002XMuJFAA1,12
0081300002ZNbugAAD,12
0081300002aFp4kAAC,12
0081300002lRpBqAAK,12
0081300002nCSyQAAW,12
0081300002nv9XxAAI,12
0081300002q7ppyAAA,12
0084v00003shf4EAAQ,12
0084v00003shf6FAAQ,12
0081300002VhzLhAAJ,12
0081300002VhzrnAAB,12
0081300002Vhzs2AAB,12
0081300002WS7GTAA1,12
0081300002WS7GsAAL,12
0081300002XKBvvAAH,12
0081300002XMR0qAAH,12
0081300002XMR15AAH,12
0081300002aDqPMAA0,12
0084v00003shf4GAAQ,12
0084v00003shf6HAAQ,12
0081300002WSA1WAAX,12
0081300002XK8W9AAL,12
0081300002XMuQuAAL,12
0084v00003shf4IAAQ,12
0084v00003shf6JAAQ,12
0081300002XJ9o7AAD,12
0081300002b79s7AAA,12
0081300002b8tXRAAY,12
0081300002b9G3ZAAU,12
0081300002d4BFaAAM,12
0081300002XKny3AAD,12
0081300002XM2UsAAL,12
0081300002XLDrkAAH,12
0081300002XLDt7AAH,12
0081300002aENcfAAG,12
0081300002epXbNAAU,12
0081300002fXeYAAA0,12
0081300002gnCGlAAM,12
0081300002goRVNAA2,12
0081300002fsVZgAAM,12
0081300002iO4mrAAC,12
0081300002XLDs9AAH,12
0081300002XLDsEAAX,12
0081300002XLFTTAA5,12
0081300002XLFTsAAP,12
0081300002YKfTFAA1,12
0081300002XLFQyAAP,12
0081300002YKfP3AAL,12
0081300002b8O3YAAU,12
0081300002b8OAyAAM,12
0081300002b8mXTAAY,12
0081300002XLFRwAAP,12
0081300002XM3CkAAL,12
0081300002e2D3SAAU,12
0081300002XMnHPAA1,12
0081300002XMnHkAAL,12
0081300002YMqoCAAT,12
0081300002ZOaWNAA1,12
0081300002aDsmIAAS,12
0081300002b7yrQAAQ,12
0081300002YJfcnAAD,12
0081300002ZNaw2AAD,12
0081300002b61KuAAI,12
0081300002YKcHNAA1,12
0081300002YMx4aAAD,12
0081300002c2cgqAAA,12
0081300002ZNb75AAD,12
0081300002c2cF6AAI,12
0081300002d5b8RAAQ,12
0081300002e2OM5AAM,12
0081300002ZNbAeAAL,12
0081300002b60xRAAQ,12
0081300002d5b03AAA,12
0081300002e1I8UAAU,12
0081300002epX8zAAE,12
0081300002gmINoAAM,12
0081300002iNssGAAS,12
0081300002olTjyAAE,12
0081300002rWdeVAAS,12
0081300002tX7ZUAA0,12
0081300002aE0UiAAK,12
0081300002aE6Q8AAK,12
0081300002aEzPNAA0,12
0081300002aF9riAAC,12
0081300002d60HIAAY,12
0081300002gmIOXAA2,12
0081300002iNsrcAAC,12
0081300002jPl6yAAC,12
0081300002hm7ETAAY,12
0081300002oMiTCAA0,12
0081300002p6JGWAA2,12
0081300002pyFUdAAM,12
0081300002qJ1tkAAC,12
0081300002rXXghAAG,12
0081300002xe906AAA,12
0081300002epWdrAAE,12
0081300002gpdrdAAA,12
0081300002jMfENAA0,12
0081300002olT71AAE,12
0081300002qYZfFAAW,12
0081300002vzqyDAAQ,12
0081300002xdYfZAAU,12
0081300002eq1NuAAI,12
0081300002jPCpAAAW,12
0081300002nvYAdAAM,12
0081300002oxBuCAAU,12
0081300002gnQiAAAU,12
0081300002gnQiyAAE,12
0081300002go7WIAAY,12
0081300002gpBBcAAM,12
0081300002gpBDTAA2,12
0081300002fsi9wAAA,12
0081300002jNKVLAA4,12
0081300002jNKVlAAO,12
0081300002iLlybAAC,12
0081300002iLlzjAAC,12
0081300002iMEn1AAG,12
0081300002myErNAAU,12
0081300002n6rD8AAI,12
0081300002pUNjWAAW,12
0081300002r7bOKAAY,12
0081300002stRrnAAE,12
0081300002kiA5fAAE,12
0081300002kiA6OAAU,12
0081300002kiAzYAAU,12
0081300002kiB0MAAU,12
0081300002kiB2hAAE,12
0081300002kiW1RAAU,12
0081300002jMfXPAA0,12
0081300002jMfXUAA0,12
0081300002jMfmtAAC,12
0081300002jMfpdAAC,12
0081300002jMfv2AAC,12
0081300002jMft1AAC,12
0081300002jMiDNAA0,12
0081300002rWdrTAAS,12
0081300002sPaZJAA0,12
0081300002sPW0bAAG,12
0081300002jMiFEAA0,12
0081300002mKF5HAAW,12
0081300002mKF6AAAW,12
0081300002oMiAbAAK,12
0081300002pNhoVAAS,12
0081300002jMiFiAAK,12
0081300002mKF94AAG,12
0081300002pNhFlAAK,12
0081300002jMs6XAAS,12
0081300002jNOETAA4,12
0081300002jNOF2AAO,12
0081300002k7BmbAAE,12
0081300002k7BrvAAE,12
0081300002k7NCKAA2,12
0081300002k7ND3AAM,12
0081300002hmVKrAAM,12
0081300002k7T7wAAE,12
0081300002k7TxNAAU,12
0081300002k7XIKAA2,12
0081300002k9BZBAA2,12
0081300002tDJxeAAG,12
0081300002tWgbNAAS,12
0081300002wd1DxAAI,12
0081300002wd2j6AAA,12
0081300002wewDFAAY,12
0081300002yZmWJAA0,12
0081B000031jGw9QAE,12
0081B000032xpZUQAY,12
0081B000034cKPqQAM,12
0081B000035U8P9QAK,12
0081B000035UZ7lQAG,12
0081B000035XAlVQAW,12
0081B000036JrkxQAC,12
0081B000036JrlMQAS,12
0081B000036JuoYQAS,12
0081B000037Z0qbQAC,12
0081B000038sfEcQAI,12
0081B00003B8YSiQAN,12
0081300002l7kfnAAA,12
0081300002l7kx3AAA,12
0081300002lFytbAAC,12
0081300002lUn43AAC,12
0081300002lxiCbAAI,12
0081300002nCG3xAAG,12
0081300002nvGvhAAE,12
0084v00003tHhNVAA0,12
0081300002mAR3wAAG,12
0081300002mbStlAAE,12
0081300002omq2sAAA,12
0081300002pQGqTAAW,12
0084v00003tHhOlAAK,12
0081300002oK0tyAAC,12
0081300002oMG7mAAG,12
0081300002owjJOAAY,12
0081300002pLT6jAAG,12
0081300002oMGMDAA4,12
0081300002oMGNpAAO,12
0081300002qIKcoAAG,12
0081300002qIKdNAAW,12
0081300002oOD2NAAW,12
0081300002oOECGAA4,12
0081300002ox5fYAAQ,12
0081300002oOF7jAAG,12
0081300002ploGbAAI,12
0081300002s4LpqAAE,12
0081300002olX1WAAU,12
0081300002po96bAAA,12
0081300002qYXW2AAO,12
0081300002owib4AAA,12
0081300002owj3tAAA,12
0081300002owj8tAAA,12
0081300002rkVN0AAM,12
0081300002sxHIyAAM,12
0081300002ox00cAAA,12
0081300002ox0CcAAI,12
0084v00003tHhi2AAC,12
0081300002oxPE6AAM,12
0081300002pJQJSAA4,12
0081300002pJQJhAAO,12
0081300002pPUdGAAW,12
0081300002pPYGzAAO,12
0081300002pPYLaAAO,12
0081300002pnqJMAAY,12
0081300002tWh4yAAC,12
0081300002tWh5XAAS,12
0081300002tYTyOAAW,12
0081300002uTq0uAAC,12
0081300002uUPV9AAO,12
0081300002uRykuAAC,12
0081300002uRynFAAS,12
0081300002uU9V8AAK,12
0081300002uU9WfAAK,12
0081300002uUt0zAAC,12
0081300002uUt6JAAS,12
0081300002vzHsAAAU,12
0081300002uVFPDAA4,12
0081B00003A9RsdQAF,12
0081300002vT4h4AAC,12
0081B0000386GkgQAE,12
0081B0000386GkhQAE,12
0081300002vT4q1AAC,12
0081B00002zmYowQAE,12
0081B00002zmuSfQAI,12
0081B000038ure1QAA,12
0081300002vT4qBAAS,12
0081300002vT4qzAAC,12
0081B00003A9rtsQAB,12
0081B00003Aki9MQAR,12
0081300002vT6AqAAK,12
0081300002vT6DLAA0,12
0081300002vT6FlAAK,12
0081300002vzxcMAAQ,12
0081300002vT7zfAAC,12
0081300002vT889AAC,12
0081300002ycB8TAAU,12
0081300002vT891AAC,12
0081300002vVaHsAAK,12
0081300002w04RPAAY,12
0081300002ycApMAAU,12
0081300002ycArmAAE,12
0081300002ycAsBAAU,12
0081B000034ecDTQAY,12
0081B000035VvAOQA0,12
0081300002vT89kAAC,12
0081300002vVZfjAAG,12
0081300002vVZfoAAG,12
0081300002w04MUAAY,12
0081300002ycAvUAAU,12
0081B000036ILDjQAO,12
0081B000037YcX7QAK,12
0081300002vTKvEAAW,12
0081B00002zm98iQAA,12
0081300002vTL0TAAW,12
0081B00002zmAhEQAU,12
0081300002vTaQDAA0,12
0081300002vTaR1AAK,12
0081300002vThL1AAK,12
0081B000030soo7QAA,12
0081B00003B90b7QAB,12
0081B00003B90b8QAB,12
0081B00003BgFZyQAN,12
0081300002vTheNAAS,12
0081B000035WmYAQA0,12
0081B000035WmbEQAS,12
0081300002vUJmGAAW,12
0081300002vUJmfAAG,12
0081300002vVlvfAAC,12
0081300002wfXk8AAE,12
0081B00002zjKIwQAM,12
0081B00002zkWnEQAU,12
0081300002vVBXMAA4,12
0081B0000328VwAQAU,12
0081300002vVBXRAA4,12
0081B0000328VwUQAU,12
0081300002vVBXvAAO,12
0081300002pnqKoAAI,12
0081300002pnqLwAAI,12
0081300002pnqM1AAI,12
0081300002qwA9QAAU,12
0081300002qwACKAA2,12
0081300002qwkGPAAY,12
0081300002q9IsOAAU,12
0081300002qAcfVAAS,12
0081300002qAchuAAC,12
0081B00003X3YpqQAF,12
0081300002qActqAAC,12
0081300002qFp0dAAC,12
0081300002qJ1BDAA0,12
0081300002qPhZzAAK,12
0081300002qwMlWAAU,12
0081300002qRoppAAC,12
0081300002qZfNsAAK,12
0081300002qZfOCAA0,12
0081300002qwA3hAAE,12
0081300002qwjGvAAI,12
0081300002qnVuWAAU,12
0081300002qnWOWAA2,12
0081300002qwMdhAAE,12
0081300002qwMlCAAU,12
0081300002rImQbAAK,12
0081300002qviomAAA,12
0081300002qwOZOAA2,12
0081300002qwOdZAAU,12
0081300002qwOeNAAU,12
0081300002rY819AAC,12
0081300002qxGEfAAM,12
0081300002qxahWAAQ,12
0081300002qxbrxAAA,12
0081300002qyPDHAA2,12
0081300002qyPFwAAM,12
0081300002qyPH4AAM,12
0081B00003eyC2yQAE,12
0081300002r7KPtAAM,12
0081300002r7KQcAAM,12
0081300002rsIzKAAU,12
0081300002rsL0uAAE,12
0081300002sMeizAAC,12
0081300002sMiAgAAK,12
0081300002sOEGRAA4,12
0081300002swfvAAAQ,12
0081300002sNLjPAAW,12
0081300002sPlzXAAS,12
0081300002wc29bAAA,12
0081300002wc2UoAAI,12
0081300002wcr4hAAA,12
0081B00002zmCLnQAM,12
0081300002wctvyAAA,12
0081300002we8C4AAI,12
0081300002weMASAA2,12
0081300002weKX0AAM,12
0081300002weKY3AAM,12
0081300002weTbCAAU,12
0081300002weVvyAAE,12
0081300002xfrMTAAY,12
0081B00003BfUcDQAV,12
0081B00003CLRtZQAX,12
0081B00003Eh9w9QAB,12
0081B00003Eh9wAQAR,12
0081300002wfYdrAAE,12
0081300002wfYeaAAE,12
0081300002wfojgAAA,12
0081300002xdNGqAAM,12
0081B000030HErNQAW,12
0081B000031h6XSQAY,12
0081B000031jGwJQAU,12
0081B000033Pln3QAC,12
0081B000038tcRuQAI,12
0081B000038tcS4QAI,12
0081B000038tcSYQAY,12
0081B00003B7IEiQAN,12
0081B00003B8ZyQQAV,12
0081B00003DNAjfQAH,12
0081B00003FMOWMQA5,12
0081B00003FMOWlQAP,12
0081B00003FPRTWQA5,12
0081B00003FPRTqQAP,12
0081B00003HBBCWQA5,12
0081B00003HPSFAQA5,12
0081B00003HbYzMQAV,12
0081B00003HdUXVQA3,12
0081B00003HdUXkQAN,12
0081B00003HdUYYQA3,12
0081B00003HdUYxQAN,12
0081B00003HdUbhQAF,12
0081B00003HdUbwQAF,12
0081300002xfqzyAAA,12
0081300002xfsRjAAI,12
0081300002xfsXhAAI,12
0081300002xgROqAAM,12
0081300002xfzKbAAI,12
0081B00003CEKmVQAX,12
0081300002xfzLAAAY,12
0081300002xg3cFAAQ,12
0081B00003CF1YuQAL,12
0081300002xfzQtAAI,12
0081B00003CLRttQAH,12
0081B00003E1EgqQAF,12
0081300002xfzR3AAI,12
0081B00003Eh9s7QAB,12
0081B00003Eh9s8QAB,12
0081B00003EhyYkQAJ,12
0081B00003X3XkAQAV,12
0081B00003X3XkZQAV,12
0081300002xfzRXAAY,12
0081B00003CLRsgQAH,12
0081B00003E21HAQAZ,12
0081300002xg0yhAAA,12
0081300002xg17UAAQ,12
0081300002xg1AEAAY,12
0081B000030JfesQAC,12
0081B000030sUE4QAM,12
0081B000030veSiQAI,12
0081300002xg1JBAAY,12
0081B00002zlRnSQAU,12
0081B000030IqQJQA0,12
0081B00003HeXTFQA3,12
0081300002xg1c8AAA,12
0081300002xg1g0AAA,12
0081300002xg1hmAAA,12
0081300002xg1hrAAA,12
0081300002xg1uMAAQ,12
0081B000031iNJSQA2,12
0081B000031jbwBQAQ,12
0081300002xg242AAA,12
0081B00003MJfDgQAL,12
0081B00003MJfDqQAL,12
0081300002xg22RAAQ,12
0081B000033xXWhQAM,12
0081300002xg2OqAAI,12
0081B000036sggWQAQ,12
0081B000039adLWQAY,12
0081B000039adLXQAY,12
0081300002xg2VqAAI,12
0081B000036sglaQAA,12
0081B0000384PsKQAU,12
0081B0000384v0qQAA,12
0081300002xg2lxAAA,12
0081B00003CLRpwQAH,12
0081B00003DNI8qQAH,12
0081B00003DNI9KQAX,12
0081300002xg2s7AAA,12
0081300002xgMFcAAM,12
0081B0000387GMxQAM,12
0081B000039YLMVQA4,12
0081B00003FMKAMQA5,12
0081300002xgT6ZAAU,12
0081300002xh5lSAAQ,12
0081300002xh5pZAAQ,12
0081300002yZlhfAAC,12
0081300002zadvmAAA,12
0081300002zaeU3AAI,12
0081B00002zmySFQAY,12
0081300002yb3TkAAI,12
0081300002ybZlVAAU,12
0081300002ybZlaAAE,12
0081300002ybZlkAAE,12
0081B000038sEItQAM,12
0081B000038sEIyQAM,12
0081300002ybaZzAAI,12
0081B000039a5W8QAI,12
0081B00003FQMizQAH,12
0081300002ybaeLAAQ,12
0081B000031h80VQAQ,12
0081B000031h82HQAQ,12
0081B000032ut6nQAA,12
0081B000033vKtXQAU,12
0081B000033vLv3QAE,12
0081B0000325ufmQAA,12
0081B00003276dKQAQ,12
0081B00003276eNQAQ,12
0081B00003276f6QAA,12
0081B0000329KnAQAU,12
0081B000032vIdBQAU,12
0081B000033xTQTQA2,12
0081B000036rCk4QAE,12
0081B000032x6YxQAI,12
0081B000032x6Z2QAI,12
0081B00003Kw0vHQAR,12
0081B00003KxFdaQAF,12
0081B00003KxFdbQAF,12
0081B000032xxEjQAI,12
0081B000035WRVjQAO,12
0081B000036LBIdQAO,12
0081B000033RT94QAG,12
0081B000033RT90QAG,12
0081B00003KvhafQAB,12
0081B00003KvhagQAB,12
0081B000033vGk7QAE,12
0081B000033vMK2QAM,12
0081B00003CL9guQAD,12
0081B00003KvgfUQAR,12
0081B000033waAVQAY,12
0081B000033wzU2QAI,12
0081B00003KvhQHQAZ,12
0081B00003KvhviQAB,12
0081B00003KvhvjQAB,12
0081B000033xUpGQAU,12
0081B000033xUtCQAU,12
0081B000033xvDWQAY,12
0081B000034cpJiQAI,12
0081B000034cpK7QAI,12
0081B000033xVlnQAE,12
0081B000033yL9lQAE,12
0081B000034cKWhQAM,12
0081B000036LZ1SQAW,12
0081B00003848XZQAY,12
0081B00003848XeQAI,12
0081B0000385QLnQAM,12
0081B000039bNQbQAM,12
0081B00003B6wlpQAB,12
0081B00003CKI5bQAH,12
0081B00003DNcc4QAD,12
0081B000034dnCrQAI,12
0081B000034eawWQAQ,12
0081B00003Kvfu9QAB,12
0081B00003KvQy8QAF,12
0081B00003KvQy9QAF,12
0081B000034dnSLQAY,12
0081B00003Np0L2QAJ,12
0081B00003Np0L3QAJ,12
0081B00003Np0LWQAZ,12
0081B00002zjJ5nQAE,12
0081B00002zjJ6bQAE,12
0081B000030HDlCQAW,12
0081B000031ggmvQAA,12
0081B00002zjmdIQAQ,12
0081B00002zk8YGQAY,12
0081B00002zkUUhQAM,12
0081B00002zkUVVQA2,12
0081B000030JcqvQAC,12
0081B00002zljrWQAQ,12
0081B00002zljsPQAQ,12
0081B00002zljsUQAQ,12
0081B00002zmY11QAE,12
0081B00002zmySbQAI,12
0081B00002zmAdVQAU,12
0081B00002zmAe4QAE,12
0081B000031hTqZQAU,12
0081B000031hTqyQAE,12
0081B00002zmAnaQAE,12
0081B000034ecCzQAI,12
0081B000034ecDiQAI,12
0081B000036plCQQAY,12
0081B000037YcVpQAK,12
0081B000039bNQRQA2,12
0081B00003Be4g2QAB,12
0081B00003CKI49QAH,12
0081B000030Gm33QAC,12
0081B000030Gm3SQAS,12
0081B000030GmDhQAK,12
0081B000030GmGgQAK,12
0081B000039aXhlQAE,12
0081B00003B89PfQAJ,12
0081B000030GmGqQAK,12
0081B00003B89H7QAJ,12
0081B00003X4Fw9QAF,12
0081B000030HCFAQA4,12
0081B000030HCFPQA4,12
0081B000030HCFUQA4,12
0081B000031h48pQAA,12
0081B000030HDmtQAG,12
0081B000030HDnmQAG,12
0081B000030I2BZQA0,12
0081B000030I2bqQAC,12
0081B000030HcbuQAC,12
0081B00003I2uwaQAB,12
0081B00003I2uwbQAB,12
0081B000030HccwQAC,12
0081B00003I2uwQQAR,12
0081B00003I2uwRQAR,12
0081B000030I1MVQA0,12
0081B000030JL1SQAW,12
0081B000030JL1cQAG,12
0081B00003G4M1bQAF,12
0081B00003I9bk7QAB,12
0081B00003I9bk8QAB,12
0081B000030sUYLQA2,12
0081B000030sUZJQA2,12
0081B000030ssQEQAY,12
0081B000030thSRQAY,12
0081B000031E3NVQA0,12
0081B000031EV9yQAG,12
0081B000031EVBQQA4,12
0081B000031EVBqQAO,12
0081B00003JMLzlQAH,12
0081B00003JMLzmQAH,12
0081B00003JMLzqQAH,12
0081B000035TqJdQAK,12
0081B000035V1XqQAK,12
0081B000035V1YKQA0,12
0081B000035XAlBQAW,12
0081B000035XcGZQA0,12
0081B000036IkPTQA0,12
0081B000036IkPiQAK,12
0081B000036qTklQAE,12
0081B000037WvA5QAK,12
0081B000037XNCGQA4,12
0081B000037XlP6QAK,12
0081B000037XmNcQAK,12
0081B000037XmP4QAK,12
0081B00003ABF9cQAH,12
0081B000035VTEhQAO,12
0081B000035Vv5TQAS,12
0081B000036KjqgQAC,12
0081B000037YGM7QAO,12
0081B000037YGQsQAO,12
0081B000037Z4CEQA0,12
0081B0000386GgkQAE,12
0081B000038t4yPQAQ,12
0081B000035VvLlQAK,12
0081B00003AAGPlQAP,12
0081B00003AkkP7QAJ,12
0081B00003Be4fYQAR,12
0081B000035VyMmQAK,12
0081B000036IGRgQAO,12
0081B000036IGV4QAO,12
0081B000036IGV9QAO,12
0081B000036KJvrQAG,12
0081B00003KvgBjQAJ,12
0081B00003NqveTQAR,12
0081B00003NqveUQAR,12
0081B000036Lx71QAC,12
0081B000036Lx7pQAC,12
0081B000036LxE2QAK,12
0081B000036LxLdQAK,12
0081B000036LxOgQAK,12
0081B000036M3mwQAC,12
0081B000036M3klQAC,12
0081B000036M3lPQAS,12
0081B000036poIfQAI,12
0081B000036poIkQAI,12
0081B000036rVArQAM,12
0081B00003NrjXjQAJ,12
0081B00003PnSMyQAN,12
0081B000037W2e5QAC,12
0081B000037W2yoQAC,12
0081B000037W2z3QAC,12
0081B000038tcriQAA,12
0081B000037W6ZiQAK,12
0081B000037W6aWQAS,12
0081B000037W7LtQAK,12
0081B000037Z79lQAC,12
0081B0000384WFbQAM,12
0081B000038515hQAA,12
0081B000037WUzZQAW,12
0081B000037XkWaQAK,12
0081B00003JMKbOQAX,12
0081B000037XmeiQAC,12
0081B00003AC0KmQAL,12
0081B000037XrLGQA0,12
0081B000037XrLuQAK,12
0081B0000383cO1QAI,12
0081B00003843yYQAQ,12
0081B0000386GzfQAE,12
0081B00003ABCX7QAP,12
0081B00003ABCXHQA5,12
0081B00003CFEMAQA5,12
0081B00003CJmgoQAD,12
0081B0000383gOZQAY,12
0081B0000383gQ6QAI,12
0081B0000385kj2QAA,12
0081B0000385knYQAQ,12
0081B0000385lTZQAY,12
0081B00003PnSPdQAN,12
0081B00003PnSPeQAN,12
0081B0000385segQAA,12
0081B0000386Ex3QAE,12
0081B0000386ExXQAU,12
0081B0000387F9xQAE,12
0081B0000386FG5QAM,12
0081B0000386FGFQA2,12
0081B00003PnDhjQAF,12
0081B0000386JgUQAU,12
0081B000039YK14QAG,12
0081B00003A9wCiQAJ,12
0081B00003A9wCjQAJ,12
0081B0000387FDVQA2,12
0081B00003QTy72QAD,12
0081B000038tb6BQAQ,12
0081B000038u05aQAA,12
0081B000038u064QAA,12
0081B00003B63MMQAZ,12
0081B00003B6uFXQAZ,12
0081B00003Be4dIQAR,12
0081B00003BZEhEQAX,12
0081B00003E1bBXQAZ,12
0081B00003E24TZQAZ,12
0081B00003E3M81QAF,12
0081B00003T04AkQAJ,12
0081B00003T04LYQAZ,12
0081B000039XwtmQAC,12
0081B00003R3wqSQAR,12
0081B00003R3wqTQAR,12
0081B000039Zg8uQAC,12
0081B000039ZgA2QAK,12
0081B000039a5SGQAY,12
0081B000039a5TdQAI,12
0081B000039aV56QAE,12
0081B00003I1m4FQAR,12
0081B00003I2jKUQAZ,12
0081B000039az6KQAQ,12
0081B00003NrN77QAF,12
0081B00003NrN78QAF,12
0081B00003YlToGQAV,12
0081B00003YlV4lQAF,12
0081B00003b5nlrQAA,12
0081B000039az9EQAQ,12
0081B00003Nqk1iQAB,12
0081B000039azKRQAY,12
0081B00003QVNhAQAX,12
0081B000039azf5QAA,12
0081B000039aziiQAA,12
0081B00003A9RzTQAV,12
0081B00003MJuJlQAL,12
0081B00003NoyYYQAZ,12
0081B00003NoyYZQAZ,12
0081B00003A9wB6QAJ,12
0081B00003DKf5DQAT,12
0081B00003X5EVsQAN,12
0081B00003DLDRkQAP,12
0081B00003DLDUUQA5,12
0081B00003FNBPwQAP,12
0081B00003GtFDMQA3,12
0081B00003DLtIeQAL,12
0081B00003DLtJXQA1,12
0081B00003DLtYwQAL,12
0081B00003DLtZGQA1,12
0081B00003DNiIJQA1,12
0081B00003DO2tpQAD,12
0081B00003DO2vlQAD,12
0081B00003E3nnXQAR,12
0081B00003FQMhmQAH,12
0081B00003E1CvSQAV,12
0081B00003HecTAQAZ,12
0081B00003JM478QAD,12
0081B00003E1Da3QAF,12
0081B00003E1DaSQAV,12
0081B00003E1bZqQAJ,12
0081B00003E2uhzQAB,12
0081B00003E2uoWQAR,12
0081B00003E3PdNQAV,12
0081B00003E3PfJQAV,12
0081B00003E3PicQAF,12
0081B00003FQMhrQAH,12
0081B00003JMEE4QAP,12
0081B00003Hmbg2QAB,12
0081B00003Hmbg3QAB,12
0081B00003I2diaQAB,12
0081B00003I2dkWQAR,12
0081B00003I2dkvQAB,12
0081B00003I2dloQAB,12
0081B00003I9L7SQAV,12
0081B00003I3IH2QAN,12
0081B00003I3IHRQA3,12
0081B00003I3IHqQAN,12
0081B00003JPwHaQAL,12
0081B00003Akit0QAB,12
0081B00003AkitAQAR,12
0081B00003B6TBAQA3,12
0081B00003CJo4cQAD,12
0081B00003HBBnSQAX,12
0081B00003I9SpLQAV,12
0081B00003JMrEtQAL,12
0081B00003KwZFzQAN,12
0081B00003KMMytQAH,12
0081B00003YlsNjQAJ,12
0081B00003a4H7lQAE,12
0081B00003b8fIWQAY,12
0081B00003exkGQQAY,12
0081B00003jHmpUQAS,12
0081B00003B6TGoQAN,12
0081B00003EhBWuQAN,12
0081B00003HBBbbQAH,12
0081B00003I9Sg4QAF,12
0081B00003I9SgYQAV,12
0084v00003sjOdEAAU,12
0084v00003sjOdFAAU,12
0081B00003B6UJoQAN,12
0081B00003B6ULzQAN,12
0081B00003B9oP8QAJ,12
0081B00003CL3d9QAD,12
0081B00003CL3dAQAT,12
0081B00003DLwe8QAD,12
0081B00003B88stQAB,12
0081B00003B88vdQAB,12
0081B00003B9oSMQAZ,12
0081B00003B89EwQAJ,12
0081B00003YicfxQAB,12
0081B00003ZRFRwQAP,12
0081B00003B8AaFQAV,12
0081B00003B8AdsQAF,12
0081B00003B8AgNQAV,12
0081B00003B8AfAQAV,12
0081B00003B8AutQAF,12
0081B00003B8AvmQAF,12
0081B00003B8B08QAF,12
0081B00003B8buLQAR,12
0081B00003PmuNwQAJ,12
0081B00003BfstuQAB,12
0081B00003BfsziQAB,12
0081B00003G4wWzQAJ,12
0081B00003JMcKRQA1,12
0081B00003BgFeaQAF,12
0081B00003JMLyYQAX,12
0081B00003JMLydQAH,12
0081B00003CEnKwQAL,12
0081B00003CEnLuQAL,12
0081B00003BXXlwQAH,12
0081B00003CL1zvQAD,12
0081B00003CMoq0QAD,12
0081B00003V30bpQAB,12
0081B00003EgJhJQAV,12
0081B00003FO68SQAT,12
0081B00003FQMjYQAX,12
0081B00003Gqp9nQAB,12
0081B00003EjhIFQAZ,12
0081B00003EjhItQAJ,12
0081B00003FMkg9QAD,12
0081B00003FMNExQAP,12
0081B00003FMNKMQA5,12
0081B00003FOwtjQAD,12
0081B00003HB9e9QAD,12
0081B00003IADxfQAH,12
0081B00003KvB11QAF,12
0081B00003KvB12QAF,12
0084v00003ysn6dAAA,12
0084v00003ysn7gAAA,12
0084v00003zhXWBAA2,12
0081B00003FPTr6QAH,12
0081B00003FPTrVQAX,12
0081B00003FQGhnQAH,12
0081B00003FQKb3QAH,12
0081B00003G5ZICQA3,12
0081B00003HBAAyQAP,12
0081B00003KwLWjQAN,12
0081B00003KxxJKQAZ,12
0081B00003PnKhKQAV,12
0081B00003R3BblQAF,12
0081B00003SyBefQAF,12
0081B00003FQMjxQAH,12
0081B00003G4LuLQAV,12
0081B00003G2UBoQAN,12
0081B00003YmM25QAF,12
0081B00003YmM26QAF,12
0081B00003G2WLUQA3,12
0081B00003T1PTZQA3,12
0081B00003G2WS6QAN,12
0081B00003G2WaKQAV,12
0081B00003MGxr3QAD,12
0081B00003G2XA8QAN,12
0081B00003G2XJKQA3,12
0081B00003MGbyzQAD,12
0081B00003G2XZNQA3,12
0081B00003MK2OqQAL,12
0081B00003MK2PPQA1,12
0081B00003MK5ZbQAL,12
0081B00003NqiyxQAB,12
0081B00003G2XsZQAV,12
0081B00003G2XtNQAV,12
0081B00003Noy28QAB,12
0081B00003Noy2DQAR,12
0081B00003G2wWBQAZ,12
0081B00003Kv9ytQAB,12
0081B00003G2ytbQAB,12
0081B00003PnSaHQAV,12
0081B00003G2zFXQAZ,12
0081B00003QTzq3QAD,12
0081B00003G2zLaQAJ,12
0081B00003QTzr1QAD,12
0081B00003G334RQAR,12
0081B00003G33AEQAZ,12
0081B00003G33CKQAZ,12
0081B00003G3PtLQAV,12
0081B00003X5QSCQA3,12
0081B00003G3PwPQAV,12
0081B00003G3Q1FQAV,12
0081B00003G3Q1PQAV,12
0081B00003G3Q1jQAF,12
0081B00003Gqs9RQAR,12
0081B00003R2qsjQAB,12
0081B00003G3Q31QAF,12
0081B00003G3Q4sQAF,12
0081B00003G4nXlQAJ,12
0081B00003G5YlXQAV,12
0081B00003G5YovQAF,12
0081B00003GW7zSQAT,12
0081B00003GtIwiQAF,12
0081B00003HcIzZQAV,12
0081B00003KwLVlQAN,12
0081B00003KxOUdQAN,12
0081B00003KxVNcQAN,12
0081B00003NpJlGQAV,12
0081B00003NrGmEQAV,12
0081B00003R3BSAQA3,12
0081B00003X3OAIQA3,12
0081B00003G3Q3pQAF,12
0081B00003G3Q99QAF,12
0081B00003QUcEBQA1,12
0081B00003G4LrgQAF,12
0081B00003G4Ls0QAF,12
0081B00003G4LsFQAV,12
0081B00003G4Lt3QAF,12
0081B00003G4LtcQAF,12
0081B00003JMLiGQAX,12
0081B00003JMLk2QAH,12
0081B00003JMLk3QAH,12
0081B00003I9KG4QAN,12
0081B00003I9KNZQA3,12
0081B00003I9KO8QAN,12
0081B00003I9UTLQA3,12
0081B00003I9UUYQA3,12
0081B00003I9UVbQAN,12
0081B00003I9zpNQAR,12
0081B00003I9zq6QAB,12
0081B00003I9zqLQAR,12
0081B00003I9dBcQAJ,12
0081B00003I9dBmQAJ,12
0081B00003I9tueQAB,12
0081B00003JMCsOQAX,12
0081B00003JMD4AQAX,12
0081B00003JMbekQAD,12
0081B00003KwiEwQAJ,12
0081B00003JN9JiQAL,12
0081B00003JN9TYQA1,12
0081B00003KudYXQAZ,12
0081B00003Kx6l8QAB,12
0081B00003Kx6mBQAR,12
0081B00003Nry4UQAR,12
0081B00003JNlUKQA1,12
0081B00003JO5JNQA1,12
0081B00003KuceOQAR,12
0081B00003JO88hQAD,12
0081B00003JOHdUQAX,12
0081B00003JOHe3QAH,12
0081B00003JOHrbQAH,12
0081B00003X4SQyQAN,12
0081B00003X4SQzQAN,12
0081B00003JOT2xQAH,12
0081B00003JOT3MQAX,12
0081B00003JOT4AQAX,12
0081B00003KwRYgQAN,12
0081B00003MGO0fQAH,12
0081B00003MKLCXQA5,12
0081B00003NqT3AQAV,12
0081B00003NqdoJQAR,12
0081B00003NqdsaQAB,12
0081B00003NqgVjQAJ,12
0081B00003PnrkiQAB,12
0081B00003PnrkjQAB,12
0081B00003QTLV7QAP,12
0081B00003QTLVMQA5,12
0081B00003QTYqpQAH,12
0081B00003QVCAiQAP,12
0081B00003R2fHQQAZ,12
0081B00003R3fApQAJ,12
0081B00003T0CPQQA3,12
0081B00003V0SsQQAV,12
0081B00003V2JVLQA3,12
0081B00003X2k76QAB,12
0081B00003YkEQuQAN,12
0081B00003YkEToQAN,12
0081B00003JObhFQAT,12
0081B00003JObksQAD,12
0081B00003MGcjfQAD,12
0081B00003MIfNtQAL,12
0081B00003JOfGNQA1,12
0081B00003JOfGhQAL,12
0081B00003JOfHLQA1,12
0081B00003JPT7ZQAX,12
0081B00003JPT8hQAH,12
0081B00003JPT9uQAH,12
0081B00003KuK0yQAF,12
0081B00003MIJgsQAH,12
0081B00003MIrkVQAT,12
0081B00003V0T4WQAV,12
0081B00003X3imGQAR,12
0081B00003JPTDcQAP,52
0081B00003Kunr7QAB,52
0081B00003JPsGxQAL,12
0081B00003JPsIFQA1,12
0081B00003JPsIZQA1,12
0081B00003Kux0mQAB,12
0081B00003MGNgVQAX,12
0081B00003NrGjtQAF,12
0081B00003NrGknQAF,12
0081B00003SyjTPQAZ,12
0081B00003KuOGmQAN,12
0081B00003KuOGwQAN,12
0081B00003exhUZQAY,12
0081B00003Kuu0eQAB,12
0081B00003Kux6kQAB,12
0081B00003KvA5VQAV,12
0081B00003MJ2EbQAL,12
0081B00003Np0MoQAJ,12
0081B00003Pns4nQAB,12
0081B00003QVabWQAT,12
0081B00003Sz4s3QAB,12
0081B00003V0yexQAB,12
0081B00003lJfwFQAS,12
0081B00003oxxrEQAQ,12
0081B00003qbJPdQAM,12
0084v00003tE5k6AAC,12
0084v00003uIHPlAAO,12
0084v00003whNHUAA2,12
0084v00003xPpBxAAK,12
0081B00003KvTDQQA3,12
0081B00003KvTEnQAN,12
0081B00003KvTMrQAN,12
0081B00003MGfxpQAD,12
0081B00003MGfxqQAD,12
0081B00003KvUMoQAN,12
0081B00003KvUNcQAN,12
0081B00003KvUP4QAN,12
0081B00003NrO2hQAF,12
0081B00003KvngSQAR,12
0081B00003KvnjRQAR,12
0081B00003MI8PbQAL,12
0081B00003NqOfeQAF,12
0081B00003NqPQGQA3,12
0081B00003Nr5zXQAR,12
0081B00003PnbhdQAB,12
0081B00003PnceLQAR,12
0081B00003KwO1EQAV,12
0081B00003ey6keQAA,12
0081B00003KwSunQAF,12
0081B00003KwSvgQAF,12
0081B00003KwSypQAF,12
0081B00003MGbmUQAT,12
0081B00003MK5SpQAL,12
0081B00003Nqkf5QAB,12
0081B00003KwWpsQAF,12
0081B00003KwWqlQAF,12
0081B00003KMiEzQAL,12
0081B00003NqOfjQAF,12
0081B00003PmiKDQAZ,12
0081B00003PmptqQAB,12
0081B00003PniTRQAZ,12
0081B00003PnkDpQAJ,12
0081B00003KwYU3QAN,12
0081B00003KwYYPQA3,12
0081B00003KwYc7QAF,12
0081B00003KwYdtQAF,12
0081B00003MIURHQA5,12
0081B00003KxLIeQAN,12
0081B00003KxLKpQAN,12
0081B00003KxLQJQA3,12
0081B00003MGNo5QAH,12
0081B00003NqSpSQAV,12
0081B00003NqSpnQAF,12
0081B00003KxsecQAB,12
0081B00003KxsemQAB,12
0081B00003KxshHQAR,12
0081B00003KxshqQAB,12
0081B00003KxxMsQAJ,12
0081B00003KxxN2QAJ,12
0081B00003hJyJlQAK,12
0081B00003hJyJmQAK,12
0081B00003GWQpCQAX,12
0081B00003ZRXFPQA5,12
0081B00003GqpPvQAJ,12
0081B00003GqpQKQAZ,12
0081B00003GqpQeQAJ,12
0081B00003GtS5aQAF,12
0081B00003GtS8FQAV,12
0081B00003KueFgQAJ,12
0081B00003GtQMlQAN,12
0081B00003HPOLRQA5,12
0081B00003HQnWKQA1,12
0081B00003HR2KmQAL,12
0081B00003KwLW5QAN,12
0081B00003KxxJFQAZ,12
0081B00003NsRwlQAF,12
0081B00003NsRwvQAF,12
0081B00003R390bQAB,12
0081B00003jKmklQAC,12
0081B00003nSvdbQAC,12
0081B00003H9QY1QAN,12
0081B00003H9Qc8QAF,12
0081B00003H9QjxQAF,12
0081B00003HeKdvQAF,12
0081B00003JMKRxQAP,12
0081B00003JOkD8QAL,12
0081B00003KuK1NQAV,12
0081B00003MGboBQAT,12
0081B00003H9SB5QAN,12
0081B00003H9SG0QAN,12
0081B00003Nsd17QAB,12
0081B00003H9SGZQA3,12
0081B00003Nsd0xQAB,12
0081B00003H9SayQAF,12
0081B00003H9SfcQAF,12
0081B00003H9SfrQAF,12
0081B00003I33RNQAZ,12
0081B00003IADxVQAX,12
0081B00003KuyYaQAJ,12
0081B00003HB5UVQA1,12
0081B00003HB5ViQAL,12
0081B00003HB5W7QAL,12
0081B00003HBC8LQAX,12
0081B00003KMIbpQAH,12
0081B00003KMIcTQAX,12
0081B00003KMIgQQAX,12
0081B00003MJ9fqQAD,12
0081B00003NoyVtQAJ,12
0081B00003NoyVyQAJ,12
0081B00003NpVREQA3,12
0081B00003NsatGQAR,12
0081B00003MGxrXQAT,12
0081B00003MGxs1QAD,12
0081B00003MJ1qyQAD,12
0081B00003MGxrcQAD,12
0081B00003MJ1leQAD,12
0081B00003MH3MWQA1,12
0081B00003MH3PQQA1,12
0081B00003MH3SFQA1,12
0081B00003MIRMAQA5,12
0081B00003MJDOZQA5,12
0081B00003PmhCmQAJ,12
0081B00003R2fumQAB,12
0081B00003MHC6tQAH,12
0081B00003MHC8VQAX,12
0081B00003MJlNrQAL,12
0081B00003MI99PQAT,12
0081B00003MI9BQQA1,12
0081B00003MI9CiQAL,12
0081B00003MIP3EQAX,12
0081B00003ext6WQAQ,12
0081B00003ext9tQAA,12
0081B00003hKJlCQAW,12
0081B00003MIiP0QAL,12
0081B00003MIiPjQAL,12
0081B00003MIiQmQAL,12
0081B00003MIiRBQA1,12
0081B00003MIiYlQAL,12
0081B00003MIiZyQAL,12
0081B00003MIia8QAD,12
0081B00003NosjkQAB,12
0081B00003NosjuQAB,12
0081B00003V07MiQAJ,12
0081B00003V10yVQAR,12
0081B00003V10ypQAB,12
0081B00003YlCuyQAF,12
0081B00003b5ue6QAA,12
0081B00003b8UfVQAU,12
0081B00003exjkyQAA,12
0081B00003hJHasQAG,12
0081B00003hJHatQAG,12
0081B00003hKETjQAO,12
0081B00003hKHAKQA4,12
0081B00003hKHqPQAW,12
0081B00003lIrmeQAC,12
0081B00003lIrnIQAS,12
0081B00003lLXUfQAO,12
0084v00003rxigSAAQ,12
0084v00003tEAnAAAW,12
0084v00003tog8kAAA,12
0084v00003togFCAAY,12
0084v00003uGyKyAAK,12
0084v00003vZdK5AAK,12
0084v00003yNv0QAAS,12
0084v00003zekwZAAQ,12
0081B00003MJ2rEQAT,12
0081B00003MJ2ucQAD,12
0081B00003MJ2y0QAD,12
0081B00003NqgFqQAJ,12
0081B00003PncEnQAJ,12
0081B00003PnhzCQAR,12
0081B00003QTH5PQAX,12
0081B00003QVERoQAP,12
0081B00003V2dXBQAZ,12
0081B00003b7FiEQAU,12
0081B00003dK0GSQA0,12
0081B00003MJA7QQAX,12
0081B00003MJA7fQAH,12
0081B00003MJYhAQAX,12
0081B00003NoyXfQAJ,12
0081B00003NpVV1QAN,12
0081B00003NqgGAQAZ,12
0081B00003PncF1QAJ,12
0081B00003Pni3dQAB,12
0081B00003QUgJqQAL,12
0081B00003MJkyXQAT,12
0081B00003MJl2ZQAT,12
0081B00003MJlNNQA1,12
0081B00003NqPa1QAF,12
0081B00003NspyBQAR,12
0081B00003Noo3fQAB,12
0081B00003Noo4TQAR,12
0081B00003NoyGAQAZ,12
0081B00003NoyGPQAZ,12
0081B00003NoyIpQAJ,12
0081B00003NoyJOQAZ,12
0081B00003NoyJdQAJ,12
0081B00003PncENQAZ,12
0081B00003PniCpQAJ,12
0081B00003Sy1BKQAZ,12
0081B00003T0odaQAB,12
0081B00003V1NegQAF,12
0081B00003ZRhJFQA1,12
0081B00003dMH3fQAG,12
0081B00003Np0D3QAJ,12
0081B00003hMpaYQAS,12
0081B00003NpCJ1QAN,12
0081B00003eyMkWQAU,12
0081B00003NpM0yQAF,12
0081B00003NpM39QAF,12
0081B00003R3KoeQAF,12
0081B00003SzsluQAB,12
0081B00003X3h69QAB,12
0081B00003NpXKNQA3,12
0081B00003Npzg3QAB,12
0081B00003NpzgSQAR,12
0081B00003NpzgrQAB,12
0081B00003Npzh1QAB,12
0081B00003Nq5fzQAB,12
0081B00003Nq617QAB,12
0081B00003V0HwDQAV,12
0081B00003V1LeYQAV,12
0081B00003V25rMQAR,12
0081B00003dJh2kQAC,12
0081B00003dJz7tQAC,12
0081B00003dJz7yQAC,12
0081B00003dL8fbQAC,12
0081B00003ewRbHQAU,12
0084v00003skDNhAAM,12
0084v00003toQJHAA2,12
0084v00003xQuLGAA0,12
0081B00003NqZKeQAN,12
0081B00003NqZLXQA3,12
0081B00003NqZLwQAN,12
0081B00003NrDXdQAN,12
0081B00003NqcsUQAR,12
0081B00003NqcsoQAB,12
0081B00003Nr9ALQAZ,12
0081B00003Nr9BTQAZ,12
0081B00003NqitTQAR,12
0081B00003NqitiQAB,12
0081B00003YjJniQAF,12
0081B00003NroVbQAJ,12
0081B00003Nrwb7QAB,12
0081B00003NrwdwQAB,12
0081B00003NrwxrQAB,12
0081B00003NrwyzQAB,12
0081B00003QUvJUQA1,12
0081B00003QVYhwQAH,12
0081B00003lLyvpQAC,12
0081B00003nPVz9QAG,12
0081B00003nPVzEQAW,12
0081B00003nPVziQAG,12
0084v00003vQHS1AAO,12
0081B00003QV6aXQAT,12
0081B00003jJaPWQA0,12
0081B00003jKndqQAC,12
0081B00003QVittQAD,12
0081B00003QViuSQAT,12
0081B00003NsTFjQAN,12
0081B00003NsTI4QAN,12
0081B00003NssC0QAJ,12
0081B00003NssEkQAJ,12
0081B00003Nst0ZQAR,12
0081B00003PmtYPQAZ,12
0081B00003PmtYZQAZ,12
0081B00003QUTDOQA5,12
0081B00003QUTDPQA5,12
0081B00003R3WrjQAF,12
0081B00003R3eK5QAJ,12
0081B00003T1Og7QAF,12
0081B00003T1Uv1QAF,12
0081B00003V0K9EQAV,12
0081B00003PmYA7QAN,12
0081B00003PmYBjQAN,12
0081B00003Pmb3jQAB,12
0081B00003Pmb4DQAR,12
0081B00003QV3RWQA1,12
0081B00003QVd3LQAT,12
0081B00003QVd3QQAT,12
0081B00003hK8KFQA0,12
0081B00003Pmk30QAB,12
0081B00003Pmk4wQAB,12
0081B00003Pmk8UQAR,12
0081B00003Syu5lQAB,12
0081B00003jHRNYQA4,12
0081B00003nRwjDQAS,12
0081B00003qaSH3QAM,12
0081B00003qba9bQAA,12
0084v00003rwnyhAAA,12
0081B00003Pn2svQAB,12
0081B00003Pn2tAQAR,12
0081B00003PnDf9QAF,12
0081B00003PnDgqQAF,12
0081B00003Pnc4cQAB,12
0081B00003Pnc6EQAR,12
0081B00003QThLqQAL,12
0081B00003QVCBHQA5,12
0081B00003T0pHBQAZ,12
0081B00003V25nKQAR,12
0081B00003Yj1dgQAB,12
0081B00003Yj1dhQAB,12
0084v00003tpLlpAAE,12
0084v00003tpLmsAAE,12
0084v00003tpLlWAAU,12
0084v00003ucQGTAA2,12
0084v00003yMomJAAS,12
0084v00003yqM50AAE,12
0084v00003zhsisAAA,12
0084v0000415pkzAAA,12
0084v000042pXdDAAU,12
0081B00003PnvjUQAR,12
0081B00003QT8hEQAT,12
0081B00003Po1cMQAR,12
0081B00003QTGanQAH,12
0081B00003QTGasQAH,12
0081B00003QTfYIQA1,12
0081B00003QTfYmQAL,12
0081B00003QTfbHQAT,12
0081B00003R2fK0QAJ,12
0081B00003T1BxLQAV,12
0081B00003V2HuYQAV,12
0081B00003V2Hu0QAF,12
0081B00003V2Hx3QAF,12
0081B00003Po1mRQAR,12
0081B00003Po1mgQAB,12
0081B00003QTH6wQAH,12
0081B00003QTSdhQAH,12
0081B00003Po1zQQAR,12
0081B00003Po24QQAR,12
0081B00003Po24fQAB,12
0081B00003Po254QAB,12
0081B00003R3KzSQAV,12
0081B00003SzexFQAR,12
0081B00003V25OPQAZ,12
0081B00003R3KnWQAV,12
0081B00003R3KoyQAF,12
0081B00003Syk5ZQAR,12
0081B00003X2k2kQAB,12
0081B00003X5NkhQAF,12
0081B00003b7VHWQA2,12
0081B00003b8LF9QAM,12
0081B00003dMwdwQAC,12
0081B00003f0F42QAE,12
0081B00003hMwl6QAC,12
0081B00003lJ9a3QAC,12
0081B00003qbnRbQAI,12
0084v00003rzuS2AAI,12
0084v00003tnNGrAAM,12
0084v00003tnTbTAAU,12
0084v00003uGUGHAA4,12
0084v00003wjOTMAA2,12
0084v00003zgwNYAAY,12
0084v00003ziAs6AAE,12
0081B00003R3fuEQAR,12
0081B00003R3fvlQAB,12
0081B00003R3fwZQAR,12
0081B00003T09VoQAJ,12
0081B00003V1LIjQAN,12
0081B00003b5d1LQAQ,12
0081B00003jJLgkQAG,12
0081B00003nPzuqQAC,12
0081B00003qcAnQQAU,12
0081B00003SyuqIQAR,12
0081B00003SyuqwQAB,12
0081B00003SzDbCQAV,12
0081B00003SzqB7QAJ,12
0081B00003SzqwrQAB,12
0081B00003SzqxuQAB,12
0081B00003T01jzQAB,12
0081B00003T04R7QAJ,12
0081B00003T04SUQAZ,12
0081B00003T04TDQAZ,12
0081B00003T09qcQAB,12
0081B00003T09tMQAR,12
0081B00003T09tbQAB,12
0081B00003T09vDQAR,12
0081B00003T0MMKQA3,12
0081B00003V1q8HQAR,12
0081B00003V1q8MQAR,12
0081B00003X3gcdQAB,12
0081B00003X3kMLQAZ,12
0081B00003X4QPjQAN,12
0081B00003YjMF9QAN,12
0081B00003YkGVhQAN,12
0081B00003b5QzRQAU,12
0081B00003b5Tk5QAE,12
0081B00003b5TkyQAE,12
0081B00003b5ygNQAQ,12
0081B00003b5yh1QAA,12
0081B00003T1VZzQAN,12
0081B00003V0hXIQAZ,12
0081B00003V0hYBQAZ,12
0081B00003V3FWgQAN,12
0081B00003X58stQAB,12
0081B00003V0iXxQAJ,12
0081B00003V1BMtQAN,12
0081B00003V1BNrQAN,12
0081B00003V3FTmQAN,12
0081B00003X3g0tQAB,12
0081B00003V0jq2QAB,12
0081B00003oyBJ8QAM,12
0081B00003V1LSZQA3,12
0081B00003V1LTrQAN,12
0081B00003V1LUVQA3,12
0081B00003V2ISfQAN,12
0081B00003V2IfyQAF,12
0081B00003X3EG6QAN,12
0081B00003X3J3pQAF,12
0081B00003V1jtzQAB,12
0081B00003V1jyaQAB,12
0081B00003V1jykQAB,12
0081B00003V2QRiQAN,12
0081B00003nvAPwQAM,12
0081B00003V2TXfQAN,12
0081B00003aAof9QAC,12
0081B00003V2cyVQAR,12
0081B00003V3X64QAF,12
0081B00003X1sX3QAJ,12
0081B00003nS0Y6QAK,12
0081B00003nS98SQAS,12
0081B00003nSqjmQAC,12
0081B00003oxMGhQAM,12
0081B00003X1tYmQAJ,12
0081B00003X1tm9QAB,12
0081B00003Yj3K9QAJ,12
0081B00003ZS6i0QAD,12
0081B00003lLRyIQAW,12
0081B00003X1uFkQAJ,12
0081B00003lKQ8QQAW,12
0081B00003lKQjfQAG,12
0081B00003X2FTAQA3,12
0081B00003X2FTFQA3,12
0081B00003qaaHXQAY,12
0081B00003qb0lDQAQ,12
0081B00003qb2hnQAA,12
0081B00003qb2hoQAA,12
0081B00003X2IflQAF,12
0081B00003X2JF0QAN,12
0081B00003X2JFAQA3,12
0081B00003X39PsQAJ,12
0081B00003X39PxQAJ,12
0081B00003X39Q7QAJ,12
0081B00003ZRhFSQA1,12
0081B00003b8MBmQAM,12
0081B00003X2yuYQAR,12
0081B00003X3ZtPQAV,12
0081B00003ex0xHQAQ,12
0081B00003X3ghJQAR,12
0081B00003X3ghnQAB,12
0081B00003X3giCQAR,12
0081B00003f0F1cQAE,12
0081B00003hL76DQAS,12
0081B00003jKQleQAG,12
0081B00003jKXKtQAO,12
0081B00003lLomGQAS,12
0081B00003nRNA5QAO,12
0081B00003oyOc1QAE,12
0081B00003ozELEQA2,12
0084v00003qdAsmAAE,12
0084v00003qdYp7AAE,12
0084v00003qdbygAAA,12
0084v00003rxicyAAA,12
0084v00003rztQFAAY,12
0084v00003sgyjTAAQ,12
0084v00003sgyjYAAQ,12
0084v00003sgyk7AAA,12
0084v00003sh1VPAAY,12
0081B00003X43bbQAB,12
0081B00003X43c0QAB,12
0081B00003YlzUxQAJ,12
0081B00003b5kWtQAI,12
0081B00003b7VONQA2,12
0081B00003b7sttQAA,12
0081B00003b8CWkQAM,12
0081B00003dKfkYQAS,12
0081B00003dLHGbQAO,12
0081B00003ezbAuQAI,12
0081B00003nOzqxQAC,12
0081B00003nPzwmQAC,12
0081B00003oyOOjQAM,12
0084v00003qe7XHAAY,12
0084v00003rya3mAAA,12
0084v00003sitHHAAY,12
0084v00003vFh36AAC,12
0084v00003wjWbCAAU,12
0084v00003ziAnRAAU,12
0084v0000414grtAAA,12
0081B00003X4GNyQAN,12
0081B00003X4GPfQAN,12
0081B00003YlnZGQAZ,12
0081B00003b6lFJQAY,12
0081B00003b7s9WQAQ,12
0081B00003b7uzbQAA,12
0081B00003hN6sjQAC,12
0081B00003jKEy9QAG,12
0081B00003lLO84QAG,12
0081B00003X4MPwQAN,12
0081B00003b5mnXQAQ,12
0081B00003b5mqMQAQ,12
0081B00003exMwUQAU,12
0081B00003qaa49QAA,12
0081B00003YiHzlQAF,12
0081B00003YiHzvQAF,12
0081B00003Yj2HqQAJ,12
0081B00003ZRutLQAT,12
0081B00003Yj2RQQAZ,12
0081B00003Yj3FiQAJ,12
0081B00003b6bvBQAQ,12
0081B00003Yj3GCQAZ,12
0081B00003exwrUQAQ,12
0081B00003Yj3JBQAZ,12
0081B00003hKitLQAS,12
0081B00003Yj3PUQAZ,12
0081B00003hMQATQA4,12
0081B00003jIeo4QAC,12
0081B00003Yj3RjQAJ,12
0081B00003jJ3VCQA0,12
0081B00003Yj3W5QAJ,12
0081B00003Yj3aHQAR,12
0081B00003jJMUpQAO,12
0081B00003Yj3bUQAR,12
0081B00003jJ3XcQAK,12
0081B00003Yj3fWQAR,12
0081B00003Yj3oTQAR,12
0081B00003dLbUBQA0,12
0081B00003Yj3qeQAB,12
0081B00003lLAGUQA4,12
0081B00003lLAGVQA4,12
0081B00003nR5FzQAK,12
0081B00003ozLdgQAE,12
0081B00003qaj2zQAA,12
0081B00003qaj3TQAQ,12
0084v00003tEdOwAAK,12
0084v00003tnTwIAAU,12
0084v00003uEowrAAC,12
0084v00003ysTvTAAU,12
0081B00003Yj3rcQAB,12
0081B00003Yl7fWQAR,12
0081B00003YjdvcQAB,12
0081B00003qbgaHQAQ,12
0081B00003YjhzyQAB,12
0081B00003ZRYkdQAH,12
0081B00003Yk8S1QAJ,12
0081B00003Yk8jCQAR,12
0081B00003Yk8l8QAB,12
0081B00003YlcXvQAJ,12
0081B00003YlTNxQAN,12
0084v00003qcwRPAAY,12
0081B00003YljZ1QAJ,12
0081B00003Ylja9QAB,12
0081B00003YljaOQAR,12
0081B00003YmLTjQAN,12
0081B00003ZRYryQAH,12
0081B00003ZSFxkQAH,12
0081B00003ZSFxzQAH,12
0081B00003b7B5UQAU,12
0081B00003b7oi5QAA,12
0081B00003b7oi6QAA,12
0081B00003b7olJQAQ,12
0081B00003dKI89QAG,12
0081B00003Ym8WoQAJ,12
0081B00003Ym8X2QAJ,12
0081B00003Ym8XgQAJ,12
0081B00003ZR3pTQAT,12
0081B00003ZR3q7QAD,12
0081B00003ZRYdSQAX,12
0081B00003b8dVEQAY,12
0081B00003dJhkdQAC,12
0081B00003ewTmLQAU,12
0081B00003ezvIKQAY,12
0081B00003ezvJ3QAI,12
0081B00003f0NmlQAE,12
0081B00003hMThNQAW,12
0081B00003jGujjQAC,12
0081B00003lLKimQAG,12
0081B00003ozvrJQAQ,12
0081B00003aC5wWQAS,12
0081B00003aC7MGQA0,12
0081B00003aC7NSQA0,12
0084v00003sghasAAA,12
0084v00003sihYZAAY,12
0084v00003tDpi4AAC,12
0084v00003vFZdwAAG,12
0084v00003vWMgmAAG,12
0081B00003ZRElbQAH,12
0081B00003ZRExIQAX,12
0081B00003ZRF7XQAX,12
0081B00003ZRFAbQAP,12
0081B00003ZRFJYQA5,12
0081B00003jHpPPQA0,12
0081B00003jHpPjQAK,12
0081B00003ZRHHEQA5,12
0081B00003ZRYeVQAX,12
0084v00003rwZkRAAU,12
0084v00003ryBRlAAM,12
0081B00003ZRJglQAH,12
0081B00003ZRJhtQAH,12
0081B00003ZRJi3QAH,12
0081B00003ZRJjGQAX,12
0081B00003ZRJjVQAX,12
0081B00003ZRxRLQA1,12
0081B00003ZRxRQQA1,12
0081B00003dL0rjQAC,12
0081B00003ZRxYwQAL,12
0081B00003hJfj5QAC,12
0081B00003ZRxa9QAD,12
0081B00003dJopjQAC,12
0081B00003ZRxaiQAD,12
0081B00003ZRxbbQAD,12
0081B00003ZRxc5QAD,12
0081B00003ZRxdXQAT,12
0081B00003hN9NPQA0,12
0081B00003ZRxdrQAD,12
0081B00003hKzt0QAC,12
0081B00003ZRxqHQAT,12
0081B00003ZRxqRQAT,12
0081B00003b5H9bQAE,12
0081B00003ZSLzXQAX,12
0081B00003ZSLzwQAH,12
0081B00003b8UpVQAU,12
0081B00003b8UpzQAE,12
0081B00003dLHhTQAW,12
0081B00003dLIEOQA4,12
0081B00003dNeyrQAC,12
0081B00003ezzlTQAQ,12
0081B00003hJHcPQAW,12
0081B00003ZSMjiQAH,12
0081B00003nS5IKQA0,12
0081B00003nS5IPQA0,12
0084v00003w6KzUAAU,12
0084v00003w6WMmAAM,12
0084v00003w6XK8AAM,12
0084v00003wgC1OAAU,12
0084v00003wjBmcAAE,12
0084v00003xPyEXAA0,12
0084v00003xPyHcAAK,12
0081B00003b5SBJQA2,12
0084v00003rwzvtAAA,12
0084v00003rwzvyAAA,12
0081B00003b5fW2QAI,12
0081B00003b5fWCQAY,12
0081B00003hNG5bQAG,12
0084v00003rxjqmAAA,12
0081B00003b68sNQAQ,12
0081B00003b68x3QAA,12
0081B00003b7uedQAA,12
0081B00003b8VKdQAM,12
0081B00003aAt9gQAC,12
0084v00003ubXkmAAE,12
0081B00003aAvMcQAK,12
0081B00003aAvOEQA0,12
0081B00003aAvPqQAK,12
0081B00003aBYxNQAW,12
0084v00003rwJAUAA2,12
0084v00003rwJH6AAM,12
0084v00003rxavGAAQ,12
0084v00003rxpWMAAY,12
0084v00003rxpWRAAY,12
0084v00003sgyeEAAQ,12
0084v00003sieR0AAI,12
0084v00003sjaeYAAQ,12
0081B00003aB50fQAC,12
0084v00003rytIFAAY,12
0084v00003wjBeOAAU,12
0084v00003xQYCQAA4,12
0084v00003xQhhlAAC,12
0081B00003aB59IQAS,12
0081B00003aB56VQAS,12
0081B00003aB59rQAC,12
0081B00003aB54PQAS,12
0081B00003aB5A1QAK,12
0081B00003aB5ALQA0,12
0084v00003tECGXAA4,12
0084v00003w4jsjAAA,12
0084v00003w4jsyAAA,12
0081B00003aB5DtQAK,12
0081B00003aB5FVQA0,12
0081B00003aB5GxQAK,12
0084v00003uGHjpAAG,12
0081B00003aBF42QAG,12
0081B00003aBFIsQAO,12
0081B00003aBzeYQAS,12
0081B00003aCLluQAG,12
0081B00003aCLmJQAW,12
0081B00003qaSJnQAM,12
0081B00003qaSKvQAM,12
0081B00003qaSL5QAM,12
0081B00003qaSLFQA2,12
0081B00003qbDHQQA2,12
0084v00003rwS6pAAE,12
0084v00003rwS6uAAE,12
0084v00003rwmTxAAI,12
0084v00003ryMgiAAE,12
0084v00003rz0ZcAAI,12
0084v00003rz2KKAAY,12
0084v00003rz2KUAAY,12
0081B00003aBf9tQAC,12
0081B00003aBmAiQAK,12
0081B00003aCZM2QAO,12
0081B00003qb4ziQAA,12
0081B00003qb4znQAA,12
0081B00003qbaKyQAI,12
0081B00003qbaLDQAY,12
0081B00003qbahPQAQ,12
0081B00003qcLWHQA2,12
0081B00003qcizeQAA,12
0084v00003qe6SQAAY,12
0084v00003rvz4vAAA,12
0084v00003rvzNPAAY,12
0084v00003rwCzVAAU,12
0084v00003rwRM7AAM,12
0084v00003rwxB3AAI,12
0084v00003rwyVTAAY,12
0084v00003rxWUSAA2,12
0084v00003rxkYKAAY,12
0084v00003rypU2AAI,12
0084v00003ryuqwAAA,12
0084v00003ryw5OAAQ,12
0084v00003sg6inAAA,12
0084v00003sgUvtAAE,12
0084v00003siem3AAA,12
0084v00003tGlSkAAK,12
0084v00003tHTloAAG,12
0084v00003tHaoMAAS,12
0084v00003tHaobAAC,12
0084v00003tm0k6AAA,12
0084v00003tm1DgAAI,12
0084v00003tmHTGAA2,12
0084v00003tnBiYAAU,12
0084v00003tnGIBAA2,12
0084v00003uGcHOAA0,12
0084v00003vZOeFAAW,12
0084v00003vZoOfAAK,12
0084v00003yMnmXAAS,12
0084v00003yMsulAAC,12
0084v00003yN2eFAAS,12
0084v00003yNYh9AAG,12
0084v00003zej7tAAA,12
0084v00003zgHAvAAM,12
0084v00003zghOpAAI,12
0084v00003zgiLNAAY,12
0084v00003zgiLOAAY,12
0081B00003aBo35QAC,12
0081B00003aBuVCQA0,12
0084v00003sjOwpAAE,12
0084v00003uHKU5AAO,12
0081B00003aBsODQA0,12
0081B00003aCAwpQAG,12
0081B00003aCAxTQAW,12
0081B00003qbB8wQAE,12
0084v00003qd3vyAAA,12
0084v00003qdOKIAA2,12
0084v00003rwvk1AAA,12
0084v00003rxl7jAAA,12
0084v00003tlpYtAAI,12
0084v00003tmCSWAA2,12
0084v00003tnVAtAAM,12
0084v00003to9CCAAY,12
0084v00003tpFLZAA2,12
0084v00003uFURDAA4,12
0084v00003vWeIwAAK,12
0084v00003vZUaVAAW,12
0084v000040fDDPAA2,12
0081B00003aC12xQAC,12
0081B00003qaSeRQAU,12
0081B00003qaienQAA,12
0084v00003tExYUAA0,12
0084v00003tlpxFAAQ,12
0084v00003uFTyGAAW,12
0084v00003xRs4OAAS,12
0081B00003aC3jNQAS,12
0081B00003aCYuAQAW,12
0081B00003aCZKmQAO,12
0081B00003aCZQTQA4,12
0081B00003qaaujQAA,12
0084v00003qe6K2AAI,12
0084v00003qe6K3AAI,12
0081B00003aCWvnQAG,12
0084v00003xTagoAAC,12
0081B00003aCX2UQAW,12
0084v00003yMe9yAAC,12
0084v00003yMeBkAAK,12
0081B00003qaBSlQAM,12
0081B00003qaBSqQAM,12
0081B00003qaEPkQAM,12
0081B00003qaEOOQA2,12
0081B00003qaEPlQAM,12
0081B00003qaDYXQA2,12
0084v00003rxA4zAAE,12
0081B00003qafIGQAY,12
0084v00003ucNksAAE,12
0081B00003qaicNQAQ,12
0081B00003qaseCQAQ,12
0081B00003qb9bHQAQ,12
0081B00003qbA8kQAE,12
0081B00003qbAA2QAM,12
0081B00003qbB8DQAU,12
0081B00003qbbI7QAI,12
0081B00003qbYMEQA2,12
0084v00003sgSIkAAM,12
0081B00003qbuZEQAY,12
0081B00003qbuZdQAI,12
0081B00003qbuaHQAQ,12
0081B00003qbuaMQAQ,12
0081B00003qbubtQAA,12
0081B00003qc0UIQAY,12
0081B00003qc0USQAY,12
0081B00003qc49HQAQ,12
0081B00003qc49cQAA,12
0081B00003qc4BNQAY,12
0081B00003qc8X1QAI,12
0084v00003uEoRzAAK,12
0081B00003qc5PzQAI,12
0081B00003qc5Q9QAI,12
0084v00003qdOLQAA2,12
0084v00003qdOMsAAM,12
0084v00003qdoQCAAY,12
0084v00003sh6V5AAI,12
0084v00003tDyjcAAC,12
0081B00003qc8JdQAI,12
0081B00003qc8JZQAY,12
0081B00003qc8LAQAY,12
0081B00003qcffvQAA,12
0084v00003qdlaOAAQ,12
0084v00003rwZh3AAE,12
0084v00003rwq5bAAA,12
0084v00003rzq1XAAQ,12
0084v00003rzq1bAAA,12
0084v00003rzupuAAA,12
0084v00003rzvUfAAI,12
0081B00003qcScbQAE,12
0081B00003qcSXwQAM,12
0081B00003qcT4QQAU,12
0084v00003uEoS1AAK,12
0081B00003qcVkKQAU,12
0081B00003qcc7MQAQ,12
0081B00003qcc5hQAA,12
0084v00003qdAa4AAE,12
0084v00003qdOKJAA2,12
0084v00003rvvx3AAA,12
0084v00003rztQ5AAI,12
0084v00003sh6YEAAY,12
0084v00003sh6YFAAY,12
0084v00003uGfo1AAC,12
0084v00003uGfo6AAC,12
0084v000040gv15AAA,12
0081B00003b6lLNQAY,12
0081B00003nSqLLQA0,12
0081B00003nSqLOQA0,12
0081B00003b7Co8QAE,12
0081B00003jKWlAQAW,12
0081B00003jKWlBQAW,12
0081B00003b7VIUQA2,12
0081B00003b7VxrQAE,12
0081B00003b7XNXQA2,12
0081B00003b7XNnQAM,12
0081B00003oyOcfQAE,12
0081B00003aBsHlQAK,12
0084v00003rvxR9AAI,12
0084v00003rxBOuAAM,12
0084v00003whm8TAAQ,12
0084v00003zgiBDAAY,12
0081B00003b7eY1QAI,12
0081B00003b7fX9QAI,12
0081B00003dKfiXQAS,12
0081B00003dMwg2QAC,12
0081B00003f0F4SQAU,12
0081B00003hKEIHQA4,12
0081B00003nPpNZQA0,12
0081B00003nv4P8QAI,12
0081B00003aBFivQAG,12
0081B00003aBsHqQAK,12
0084v00003ryo8PAAQ,12
0084v00003sjPklAAE,12
0084v00003skCqiAAE,12
0084v00003tE587AAC,12
0084v00003zhMyZAAU,12
0081B00003b81VRQAY,12
0081B00003b81ZOQAY,12
0081B00003b81ZiQAI,12
0081B00003b8CeFQAU,12
0081B00003b8CejQAE,12
0081B00003b9H5fQAE,12
0081B00003dMadtQAC,12
0081B00003dNJvYQAW,12
0081B00003dNJvZQAW,12
0084v00003sgL2BAAU,12
0084v00003uEbThAAK,12
0084v00003uFMaOAAW,12
0081B00003b8Fr2QAE,12
0081B00003b8LJLQA2,12
0081B00003nPRdYQAW,12
0081B00003b8US6QAM,12
0081B00003b8USLQA2,12
0081B00003b8WSoQAM,12
0081B00003b8WSVQA2,12
0081B00003b8mILQAY,12
0081B00003b8mIaQAI,12
0081B00003dMwfnQAC,12
0081B00003f0F5AQAU,12
0081B00003hMwl1QAC,12
0081B00003lJ9aIQAS,12
0081B00003b8pJqQAI,12
0081B00003b9H8eQAE,12
0081B00003dLHqVQAW,12
0081B00003dNJxjQAG,12
0081B00003eynbcQAA,12
0081B00003b8w9NQAQ,12
0081B00003dN9elQAC,12
0081B00003ewfUdQAI,12
0081B00003ewqTOQAY,12
0081B00003ezoTpQAI,12
0081B00003b98JhQAI,12
0081B00003b9ArxQAE,12
0081B00003dM32AQAS,12
0081B00003f0T2aQAE,12
0081B00003dKTvLQAW,12
0081B00003dKTw9QAG,12
0081B00003dKTwYQAW,12
0081B00003dKfslQAC,12
0081B00003hJHqNQAW,12
0081B00003hKtaIQAS,12
0081B00003jIUJeQAO,12
0081B00003lKoXJQA0,12
0081B00003nQhQ8QAK,12
0081B00003nQhQ9QAK,12
0081B00003nQhQhQAK,12
0084v00003sgLBEAA2,12
0084v00003uEgOSAA0,12
0084v00003w5mx8AAA,12
0084v00003ysTtvAAE,12
0081B00003dL160QAC,12
0084v00003shUvMAAU,12
0084v00003shUvNAAU,12
0084v00003sjpAxAAI,12
0084v00003sjpf7AAA,12
0084v00003sjqLSAAY,12
0081B00003dLcUvQAK,12
0081B00003dLcdTQAS,12
0081B00003dLchQQAS,12
0081B00003hMkzRQAS,12
0081B00003lLO50QAG,12
0081B00003dLxYGQA0,12
0081B00003dLxYaQAK,12
0081B00003dLxZ4QAK,12
0081B00003dMGswQAG,12
0081B00003dMGtpQAG,12
0081B00003dMkGTQA0,12
0081B00003ewuJfQAI,12
0081B00003hJdpzQAC,12
0081B00003hMcr8QAC,12
0081B00003lKQnDQAW,12
0081B00003lKazcQAC,12
0081B00003dMtB3QAK,12
0081B00003dMtBDQA0,12
0081B00003dMyXHQA0,12
0081B00003dMyXRQA0,12
0081B00003dN1bXQAS,12
0081B00003dN1uFQAS,12
0081B00003dN1utQAC,12
0081B00003ex3A3QAI,12
0081B00003exDJkQAM,12
0081B00003ewet3QAA,12
0081B00003ewev4QAA,12
0081B00003ewevEQAQ,12
0081B00003jITaPQAW,12
0081B00003nQ2oLQAS,12
0081B00003nQ2oVQAS,12
0081B00003oy3quQAA,12
0084v00003rwnRYAAY,12
0081B00003exhFeQAI,12
0081B00003exhNnQAI,12
0081B00003jH7okQAC,12
0081B00003exkbEQAQ,12
0084v00003tElxCAAS,12
0081B00003eyYsTQAU,12
0081B00003eyYssQAE,12
0081B00003eyYtWQAU,12
0081B00003jIUNHQA4,12
0081B00003lJU62QAG,12
0081B00003eyZkGQAU,12
0081B00003eyZmvQAE,12
0081B00003eyZn0QAE,12
0081B00003hLu5bQAC,12
0081B00003ez7O4QAI,12
0081B00003ezb0UQAQ,12
0081B00003ezb0eQAA,12
0081B00003ezb0yQAA,12
0081B00003hJXHZQA4,12
0081B00003jKFQmQAO,12
0081B00003lJVfwQAG,12
0081B00003ezbLiQAI,12
0081B00003ezbLsQAI,12
0081B00003lLr6cQAC,12
0081B00003lLr71QAC,12
0081B00003nPztJQAS,12
0081B00003qcAgyQAE,12
0084v00003sh6HDAAY,12
0084v00003to3T1AAI,12
0084v00003yr3CuAAI,12
0084v00003zh9SkAAI,12
0084v00003zh9XkAAI,12
0084v00003zh9qhAAA,12
0081B00003ezvRCQAY,12
0081B00003ezvSZQAY,12
0081B00003ezvSyQAI,12
0081B00003hN3lPQAS,12
0081B00003lKsegQAC,12
0081B00003f06v3QAA,12
0081B00003hLCVWQA4,12
0081B00003jITaQQAW,12
0081B00003jITajQAG,12
0081B00003lKKXgQAO,12
0081B00003lLXihQAG,12
0081B00003lMBIHQA4,12
0081B00003lMBIRQA4,12
0081B00003nP2KnQAK,12
0081B00003f0TNdQAM,12
0081B00003f0TPFQA2,12
0081B00003f0UHgQAM,12
0081B00003f0UIGQA2,12
0081B00003f0UKaQAM,12
0081B00003hNDXhQAO,12
0081B00003jKQgtQAG,12
0081B00003lIzklQAC,12
0081B00003lKYtIQAW,12
0081B00003lKYtJQAW,12
0084v00003sgLQ4AAM,12
0084v00003uEgNnAAK,12
0084v00003w5mvlAAA,12
0084v00003ysTkoAAE,12
0084v00003zhXUtAAM,12
0081B00003hJDCCQA4,12
0081B00003hJDDtQAO,12
0081B00003hJDEDQA4,12
0081B00003hJrUSQA0,12
0081B00003hJrUcQAK,12
0081B00003hKQKSQA4,12
0081B00003hN8abQAC,12
0081B00003hN8b0QAC,12
0081B00003jI7DJQA0,12
0081B00003jKEyYQAW,12
0081B00003lKL8PQAW,12
0081B00003oxxzmQAA,12
0081B00003qcBngQAE,12
0081B00003qcBnqQAE,12
0084v00003shkO9AAI,12
0084v00003uEouMAAS,12
0084v00003whMZDAA2,12
0084v00003ysU2nAAE,12
0081B00003hKRdfQAG,12
0084v00003tlZvPAAU,12
0084v00003tnV1IAAU,12
0084v00003w5m3AAAQ,12
0081B00003hKidDQAS,12
0081B00003hKidIQAS,12
0084v00003rxgCwAAI,12
0081B00003hKku6QAC,12
0081B00003hKkuuQAC,12
0081B00003hKkuvQAC,12
0081B00003hKlljQAC,12
0081B00003hKvDGQA0,12
0081B00003hKvDHQA0,12
0081B00003hKvDVQA0,12
0081B00003hLGFrQAO,12
0081B00003hLGHnQAO,12
0081B00003hLGHxQAO,12
0081B00003hLGJ1QAO,12
0081B00003hLGJ2QAO,12
0081B00003hLGK8QAO,12
0081B00003hLGKXQA4,12
0081B00003hLGKhQAO,12
0081B00003hLOT0QAO,12
0081B00003hLOlJQAW,12
0081B00003hLOm7QAG,12
0081B00003hLOv4QAG,12
0081B00003hLOvOQAW,12
0081B00003hM0WOQA0,12
0081B00003hM0WPQA0,12
0081B00003hM0YeQAK,12
0081B00003hM0ZSQA0,12
0081B00003hM1h8QAC,12
0081B00003hLMHRQA4,12
0081B00003hLNURQA4,12
0081B00003hLNVAQA4,12
0081B00003jHQqAQAW,12
0081B00003hMgXwQAK,12
0084v00003tmpNKAAY,12
0081B00003hMvWtQAK,12
0081B00003hMvnzQAC,12
0081B00003jHk5FQAS,12
0081B00003lMIm2QAG,12
0081B00003lMImWQAW,12
0081B00003lMImqQAG,12
0081B00003oxMemQAE,12
0081B00003oxMenQAE,12
0084v00003sgLpjAAE,12
0084v00003uEgNsAAK,12
0084v00003w5mtVAAQ,12
0084v00003whAqXAAU,12
0081B00003jHGQwQAO,12
0081B00003jHGUyQAO,12
0081B00003jHGX4QAO,12
0081B00003jHXY1QAO,12
0081B00003jHtHTQA0,12
0081B00003jIogwQAC,12
0081B00003jIogTQAS,12
0081B00003nQ2jpQAC,12
0081B00003oxxHKQAY,12
0081B00003nv4VPQAY,12
0081B00003aCa3VQAS,12
0081B00003aCa3WQAS,12
0084v00003sgLqfAAE,12
0081B00003jJ1sTQAS,12
0084v00003tGvIIAA0,12
0084v00003tnmj4AAA,12
0084v00003tnmzbAAA,12
0081B00003jJHDwQAO,12
0084v00003uEkFrAAK,12
0084v00003uEtSoAAK,12
0084v00003uEtSpAAK,12
0081B00003jJKbyQAG,12
0081B00003jJKc8QAG,12
0081B00003jJOBKQA4,12
0081B00003jJUnLQAW,12
0081B00003jJiJ7QAK,12
0081B00003jJiJqQAK,12
0081B00003jJqqBQAS,12
0081B00003jJqqGQAS,12
0081B00003jJqqzQAC,12
0081B00003jJqr9QAC,12
0081B00003nPpN1QAK,12
0081B00003nv4EyQAI,12
0084v00003ryRSbAAM,12
0084v00003sjQrdAAE,12
0081B00003jK3DbQAK,12
0081B00003jK813QAC,12
0081B00003jK821QAC,12
0081B00003jKGxIQAW,12
0081B00003jKNXsQAO,12
0081B00003jKYhjQAG,12
0081B00003nQ6YxQAK,12
0081B00003jKgiyQAC,12
0084v00003toxvYAAQ,12
0081B00003jKmkqQAC,12
0081B00003jKmljQAC,12
0081B00003lJ9aTQAS,12
0081B00003lKsjbQAC,12
0081B00003lMIQ1QAO,12
0081B00003jKoLrQAK,12
0081B00003jKoMzQAK,12
0081B00003jKoO2QAK,12
0081B00003lKN9ZQAW,12
0081B00003nPTPfQAO,12
0081B00003nS9PfQAK,12
0081B00003lIsA2QAK,12
0084v00003uHBOLAA4,12
0084v00003uIAY0AAO,12
0084v00003vYs2FAAS,12
0081B00003lIt9tQAC,12
0081B00003lItAhQAK,12
0081B00003lItAwQAK,12
0081B00003lJ88NQAS,12
0081B00003lJ88wQAC,12
0081B00003lJ8A4QAK,12
0081B00003nPPOAQA4,12
0081B00003aBZctQAG,12
0084v00003tEd51AAC,12
0081B00003lJ8yOQAS,12
0081B00003lJ9lBQAS,12
0081B00003lJ9nHQAS,12
0081B00003lJ9nWQAS,12
0081B00003lK7G4QAK,12
0081B00003lLWSOQA4,12
0081B00003nP2MiQAK,12
0081B00003nQ2lCQAS,12
0081B00003nRqcOQAS,12
0081B00003nSjYNQA0,12
0081B00003oy4JrQAI,12
0081B00003ozDEfQAM,12
0081B00003qaOqoQAE,12
0081B00003lJJplQAG,12
0081B00003lJJqAQAW,12
0081B00003lJJqyQAG,12
0081B00003lJJrIQAW,12
0081B00003lJUdLQAW,12
0081B00003lJUfWQAW,12
0081B00003lJUhIQAW,12
0081B00003lK6WGQA0,12
0084v00003tFLxlAAG,12
0081B00003khnZ6QAI,12
0081B00003qboFCQAY,12
0084v00003rwRLkAAM,12
0084v00003uEba3AAC,12
0084v00003xQSpkAAG,12
0084v00003yr3J2AAI,12
0081B00003nv88tQAA,12
0081B00003nv89IQAQ,12
0081B00003qbxUOQAY,12
0081B00003nvAIvQAM,12
0081B00003nvAJzQAM,12
0081B00003aB2ZqQAK,12
0081B00003aB2aAQAS,12
0081B00003aBEKSQA4,12
0081B00003nvAKnQAM,12
0081B00003lKJVYQA4,12
0081B00003lKJWvQAO,12
0081B00003lKJXZQA4,12
0081B00003lLI2wQAG,12
0081B00003nP1DLQA0,12
0081B00003nP1DMQA0,12
0081B00003oziNFQAY,12
0081B00003oziGsQAI,12
0081B00003aBsS0QAK,12
0081B00003aC0sCQAS,12
0081B00003qaSRmQAM,12
0081B00003qbaAPQAY,12
0081B00003lKKgIQAW,12
0081B00003lKKgcQAG,12
0081B00003lKKiSQAW,12
0081B00003lKSuWQAW,12
0081B00003lKSubQAG,12
0081B00003lKXUNQA4,12
0081B00003nQZMCQA4,12
0081B00003lLKXeQAO,12
0081B00003lLWc9QAG,12
0081B00003lLXg2QAG,12
0081B00003lLXgrQAG,12
0081B00003lLsRRQA0,12
0081B00003lLsW2QAK,12
0081B00003nRoUIQA0,12
0084v00003vZ1eTAAS,12
0081B00003lLVtRQAW,12
0081B00003lLVtlQAG,12
0081B00003lLVwaQAG,12
0084v00003sh6GyAAI,12
0084v00003toP8wAAE,12
0084v00003yNXufAAG,12
0081B00003lLW5jQAG,12
0081B00003lLXKuQAO,12
0081B00003aBeIEQA0,12
0081B00003lLYHFQA4,12
0084v00003s02ZMAAY,12
0081B00003lLqZ9QAK,12
0084v00003tEjeIAAS,12
0081B00003lLrUeQAK,12
0081B00003lLrWLQA0,12
0081B00003lLrcOQAS,12
0081B00003nPwvqQAC,12
0081B00003oxLpoQAE,12
0081B00003oz5xAQAQ,12
0081B00003lMbzZQAS,12
0081B00003nQnknQAC,12
0081B00003lMe4lQAC,12
0081B00003nQnkcQAC,12
0081B00003nSqxjQAC,12
0081B00003khqF4QAI,12
0081B00003khqFJQAY,12
0084v00003qd95YAAQ,12
0084v00003uEoS4AAK,12
0081B00003lMfABQA0,12
0081B00003nQnkdQAC,12
0081B00003nSqxoQAC,12
0081B00003khqGXQAY,12
0084v00003qd95dAAA,12
0084v00003uEoS9AAK,12
0081B00003lMgRIQA0,12
0081B00003nQnkYQAS,12
0081B00003lMm9lQAC,12
0081B00003lMmF5QAK,12
0081B00003lMmFKQA0,12
0081B00003lMo1FQAS,12
0081B00003nRwpbQAC,12
0081B00003oyfQpQAI,12
0081B00003qaSS3QAM,12
0081B00003qaoRVQAY,12
0081B00003qar2cQAA,12
0081B00003qatrqQAA,12
0081B00003qbKY3QAM,12
0081B00003nPHe0QAG,12
0081B00003nPHhiQAG,12
0081B00003nPHhxQAG,12
0081B00003nPzqUQAS,12
0081B00003oyOPbQAM,12
0084v00003qe7SRAAY,12
0084v00003rxiaJAAQ,12
0084v00003tFnXvAAK,12
0084v00003uGo3GAAS,12
0081B00003nPKPNQA4,12
0081B00003nPKQBQA4,12
0081B00003nPKRiQAO,12
0081B00003qaSgIQAU,12
0084v00003ryRNHAA2,12
0084v00003rztU7AAI,12
0084v00003tFnRCAA0,12
0084v00003tnUHtAAM,12
0081B00003nPak0QAC,12
0081B00003nPbIyQAK,12
0081B00003nPbWeQAK,12
0081B00003nPbWoQAK,12
0081B00003nPbWyQAK,12
0081B00003nPc0KQAS,12
0081B00003nPbxBQAS,12
0084v00003tG74JAAS,12
0084v00003zhb5dAAA,12
0084v00003zhcw7AAA,12
0084v00003zhcxFAAQ,12
0084v00003zhcxKAAQ,12
0084v00003zhcxPAAQ,12
0081B00003nPdgHQAS,12
0081B00003nPdr0QAC,12
0084v00003qe7NCAAY,12
0084v00003uc82ZAAQ,12
0081B00003nPhVhQAK,12
0081B00003nQGsmQAG,12
0081B00003nQnm6QAC,12
0081B00003nQEXVQA4,12
0084v00003uErA3AAK,12
0084v00003uErADAA0,12
0081B00003nQFfkQAG,12
0084v00003w6U9IAAU,12
0081B00003nQHe7QAG,12
0081B00003nQoNGQA0,12
0081B00003khqGdQAI,12
0081B00003aC1WgQAK,12
0081B00003nRG5MQAW,12
0081B00003nRUO6QAO,12
0081B00003nRs4kQAC,12
0081B00003ozvgcQAA,12
0081B00003qa48UQAQ,12
0084v00003tDiuCAAS,12
0081B00003oxte3QAA,12
0081B00003oxtfeQAA,12
0081B00003oy5LgQAI,12
0081B00003oy8VgQAI,12
0081B00003oyOI1QAM,12
0081B00003oyOIzQAM,12
0081B00003oyXKIQA2,12
0081B00003qbnXtQAI,12
0081B00003oyOZWQA2,12
0081B00003oyXdtQAE,12
0081B00003oyXdaQAE,12
0081B00003oyXeIQAU,12
0081B00003qab9AQAQ,12
0081B00003qab9KQAQ,12
0081B00003qaubAQAQ,12
0081B00003qcRlwQAE,12
0084v00003sh63pAAA,12
0084v00003shcEJAAY,12
0081B00003oz1gnQAA,12
0084v00003wiWgbAAE,12
0081B00003ozDaWQAU,12
0081B00003ozLJ7QAM,12
0084v00003sjN5bAAE,12
0084v00003uFV6VAAW,12
0081B00003ozNDQQA2,12
0084v00003qd95uAAA,12
0084v00003uEoSOAA0,12
0081B00003ozj5GQAQ,12
0081B00003ozj8ZQAQ,12
0081B00003ozj8yQAA,12
0081B00003qcMktQAE,12
0084v00003rwwEQAAY,12
0081B00003ozjCbQAI,12
0081B00003qcgMpQAI,12
0084v00003w5A5EAAU,12
0084v00003w5A75AAE,12
0081B00003ozkBPQAY,12
0084v00003sjNKkAAM,12
0084v00003yNXwWAAW,12
0084v000041x6d2AAA,12
0083000000H0FsiAAF,12
0083000000H0HKLAA3,12
0083000000HrMvmAAF,12
0083000000IQrqYAAT,12
0083000000IUlpwAAD,12
0083000000JWt6iAAD,12
0083000000KCcQaAAL,12
0083000000KENUEAA5,12
0083000000KwoyFAAR,12
0083000000LhbHAAAZ,12
0083000000MSpKRAA1,12
0083000000OyALpAAN,12
0083000000hsKbNAAU,12
0083000000JXPUKAA5,12
0083000000KEGT5AAP,12
0083000000KENWBAA5,12
0083000000KDKxOAAX,12
0083000000KEvDmAAL,12
0083000000KF3ySAAT,12
0083000000KxgbcAAB,12
0083000000L018rAAB,12
0083000000LhbSKAAZ,12
0083000000MSpKSAA1,12
0083000000kBAmjAAG,12
0083000000KDlsdAAD,12
0083000000KDm6JAAT,12
0083000000KEGEvAAP,12
0083000000KwrB1AAJ,12
0083000000KDlsqAAD,12
0083000000KEGEyAAP,12
0083000000Uz9XsAAJ,12
0083000000kBApEAAW,12
0083000000KDlsuAAD,12
0083000000KEGF1AAP,12
0083000000KEGTIAA5,12
0083000000KFNNWAA5,12
0083000000KzhDdAAJ,12
0083000000kBApGAAW,12
0083000000KEbbNAAT,12
0083000000MS9TWAA1,12
0083000000NLCo7AAH,12
0083000000NMaHoAAL,12
0083000000Uz9Y3AAJ,12
0083000000cRtSAAA0,12
0083000000kBApNAAW,12
0083000000KFMeUAAX,12
0083000000KFMsKAAX,12
0083000000KzhDeAAJ,12
0083000000Uz9Y4AAJ,12
0083000000kBApOAAW,12
0083000000KFi6cAAD,12
0083000000MS9TXAA1,12
0083000000Oz8RMAAZ,12
0083000000RqaOhAAJ,12
0083000000kBApPAAW,12
0083000000Kwz3fAAB,12
0083000000KxGQbAAN,12
0083000000LgR7XAAV,12
0083000000MSFAiAAP,12
0083000000NJ64LAAT,12
0083000000OHRWNAA5,12
0083000000OveAiAAJ,12
0083000000QNhLaAAL,12
0083000000QxfSNAAZ,12
0083000000RqaOiAAJ,12
0083000000Uz9Y5AAJ,12
0083000000kBAmsAAG,12
0083000000KxgbYAAR,12
0083000000KytGgAAJ,12
0083000000LiQRJAA3,12
0083000000MSEyfAAH,12
0083000000MTDb7AAH,12
0083000000NJvckAAD,12
0083000000NN0X2AAL,12
0083000000kBAnuAAG,12
0083000000Ky6icAAB,12
0083000000Ky7CRAAZ,12
0083000000KyYniAAF,12
0083000000KytGjAAJ,12
0083000000KzRQ9AAN,12
0083000000KzeIqAAJ,12
0083000000LhqkDAAR,12
0083000000LkEZ1AAN,12
0083000000kBAmwAAG,12
0083000000MRyDeAAL,12
0083000000PzyEsAAJ,12
0083000000UzH9gAAF,12
0083000000MSAa6AAH,12
0083000000MSAgUAAX,12
0083000000NL8GRAA1,12
0083000000MSOh7AAH,12
0083000000NKOKbAAP,12
0083000000OFhheAAD,12
0083000000OImV5AAL,12
0083000000PYI4CAAX,12
0083000000PaDt2AAF,12
0083000000PyupdAAB,12
0083000000PzdfuAAB,12
0083000000QMWuPAAX,12
0083000000QNhLbAAL,12
0083000000QP20kAAD,12
0083000000QPnPOAA1,12
0083000000RlvvBAAR,12
0083000000MSjLjAAL,12
0083000000MSjPHAA1,12
0083000000OHZMrAAP,12
0083000000PZhWPAA1,12
0083000000Uz9YBAAZ,12
0083000000kBAn3AAG,12
0083000000MUBpcAAH,12
0083000000Pzxy7AAB,12
0083000000WT6NcAAL,12
0083000000zG1zEAAS,12
0083000000OvbRgAAJ,12
0083000000OxTejAAF,12
0083000000PYQC0AAP,12
0083000000PyNUfAAN,12
0083000000kBAo3AAG,12
0083000000OyALnAAN,12
0083000000PXmSMAA1,12
0083000000Oz21lAAB,12
0083000000Oz8PUAAZ,12
0083000000PZ7P9AAL,12
0083000000QNhLiAAL,12
0083000000PyNUeAAN,12
0083000000QNqmRAAT,12
0083000000QOgE3AAL,12
0083000000kBAo6AAG,12
0083000000Pz2rZAAR,12
0083000000QOlIbAAL,12
0083000000TPi2xAAD,12
0083000000UxPJqAAN,12
0083000000Uz9YLAAZ,12
0083000000kBAo7AAG,12
0083000000QOOxUAAX,12
0083000000Qy1YYAAZ,12
0083000000Tix0iAAB,12
0083000000Uz9YMAAZ,12
0083000000kBApcAAG,12
0083000000QxbWcAAJ,12
0083000000QxbWrAAJ,12
0083000000TPi5PAAT,12
0083000000kBAoaAAG,12
0083000000RDrB3AAL,12
0083000000SCConAAH,12
0083000000urgxdAAA,12
0083000000wnYM5AAM,12
0083000000SD21oAAD,12
0083000000SD29YAAT,12
0083000000T0fieAAB,12
0083000000TZ4bZAAT,12
0083000000ThHF5AAN,12
0083000000UxLtwAAF,12
0083000000Uz9YRAAZ,12
0083000000kBAoeAAG,12
0083000000T3BBgAAN,12
0083000000The1UAAR,12
0083000000UDSjAAAX,12
0083000000UxLtyAAF,12
0083000000Uz9YXAAZ,12
0083000000kBAomAAG,12
0083000000Tj2rsAAB,12
0083000000Tj2rtAAB,12
0083000000UDQWtAAP,12
0083000000UxPJyAAN,12
0083000000Uz9YYAAZ,12
0083000000XAHvCAAX,12
0083000000YILe2AAH,12
0083000000cRtSBAA0,12
0083000000hUJsrAAG,12
0083000000jyHcZAAU,12
0083000000kBAo9AAG,12
0083000000najqzAAA,12
0083000000UzI9GAAV,12
0083000000kBAosAAG,12
0083000000vLHEAAA4,12
0083000000UzIB4AAN,12
0083000000kBApqAAG,12
0083000000vL3e0AAC,12
0083000000XAHvAAAX,12
0083000000uo3oNAAQ,12
0083000000YJxFIAA1,12
0083000000kBAoCAAW,12
0083000000ZYue4AAD,12
0083000000a73aCAAQ,12
0083000000a73aBAAQ,12
0083000000c0JGlAAM,12
0083000000bbZOjAAM,12
0083000000bbZMbAAM,12
0083000000bbY3AAAU,12
0083000000crQncAAE,12
0083000000dZ1dHAAS,12
0083000000hUJvfAAG,12
0083000000hrUOCAA2,12
0083000000hrUaWAAU,12
0083000000kBAp4AAG,12
0083000000v7SrjAAE,12
0083000000zG2MWAA0,12
0083000000iFdW4AAK,12
0083000000iHV3PAAW,12
0083000000kC9gfAAC,12
0083000000nat27AAA,12
0083000000nat4gAAA,12
0083000000nat4lAAA,12
0083000000nat4nAAA,12
0083000000nat4oAAA,12
0083000000ovjgmAAA,12
0083000000qekLJAAY,12
0083000000xVLDLAA4,12
0083000000qexRmAAI,12
0083000000vWudRAAS,12
0083000000wnXIGAA2,12
0083000000xVIdIAAW,12
0083000000yZEcTAAW,12
008300000104nHPAAY,12
0083000001156PEAAY,12
00830000012510HAAQ,12
0083000000tCxByAAK,12
0083000000woUBqAAM,12
0083000000uQHWAAA4,12
0083000000v7r0NAAQ,12
0083000000vUcS6AAK,12
0083000000vXHtTAAW,12
0083000000viWc5AAE,12
0083000000wnXIMAA2,12
0083000000xEBwFAAW,12
0083000000xECNKAA4,12
0083000000vUCFXAA4,12
0083000000vUPswAAG,12
0083000000vUQFeAAO,12
0083000000vVKZsAAO,12
0083000000xDCXDAA4,12
0083000000vUc9SAAS,12
0083000000vUcDWAA0,12
0083000000vVKfzAAG,12
0083000000vVKg4AAG,12
0083000000vUf7vAAC,12
0083000000vVDjvAAG,12
0083000000vUmNeAAK,12
0083000000vUmTgAAK,12
0083000000vUmSGAA0,12
0081300002OqCPhAAN,12
0084v000040flVSAAY,12
0084v000040flVTAAY,12
0084v000040flXJAAY,12
0084v000042slkgAAA,12
0084v000042sll5AAA,12
0084v000042sxQLAAY,12
0084v000042sxRnAAI,12
0084v000042t57FAAQ,12
0083000000vhjSyAAI,12
0083000000viJYfAAM,12
0083000000vp8xLAAQ,12
0083000000x1oZNAAY,12
0083000000wOaQjAAK,12
0083000000yZC10AAG,12
0083000000wnvUuAAI,12
0083000000wnvV4AAI,12
0083000000wo51kAAA,12
0083000000wo7fvAAA,12
0083000000xDlSmAAK,12
0083000000xEF4cAAG,12
008300000104nHNAAY,12
0083000001159NzAAI,12
00830000012512tAAA,12
0083000001AhsNRAAZ,12
0083000001BSCNqAAP,12
00830000012xpOsAAI,12
00830000019vOs1AAE,12
0083000001DnPoCAAV,12
0083000001Lsr2lAAB,12
00830000017yX7uAAE,12
00830000018uK1bAAE,12
0083000001AMN01AAH,12
0083000001AkcjGAAR,12
0083000001ArwKTAAZ,12
0083000001ArwFgAAJ,12
0083000001AtggDAAR,12
0083000001Bxm9eAAB,12
0083000001CSMbPAAX,12
0083000001D7hMcAAJ,12
0083000001DTheGAAT,12
0083000001Em2oQAAR,12
0083000001FFiT6AAL,12
0083000001FU68NAAT,12
00830000018Y6XWAA0,12
00830000019c2UTAAY,12
00830000019vrGiAAI,12
00830000019vvZxAAI,12
0083000001AMN02AAH,12
0083000001AkcjHAAR,12
00830000019v3RxAAI,12
0083000001BSCNsAAP,12
0083000001BxBkhAAF,12
0083000001CSMbRAAX,12
0083000001Em2scAAB,12
0083000001JxnjOAAR,12
0083000001Sz90iAAB,12
0083000001dysOLAAY,12
0083000001iMAGkAAO,12
0083000001EwwrNAAR,12
0083000001FHjrXAAT,12
0083000001GkJpvAAF,12
0083000001HGF9pAAH,12
0083000001R1K4rAAF,12
0083000001Hl9bRAAR,12
0083000001LQX8hAAH,12
0083000001M6xSHAAZ,12
0083000001ML811AAD,12
0083000001N1KkyAAF,12
0083000001Nj1ElAAJ,12
0083000001Oac5RAAR,12
0083000001P9UHDAA3,12
0083000001QA7mPAAT,12
0083000001RNjtEAAT,12
0083000001Sz90lAAB,12
0083000001TlhLYAAZ,12
0083000001ZwWwdAAF,12
0083000001MbjfTAAR,12
0083000001MboLhAAJ,12
0083000001PAzUxAAL,12
0083000001OXVaNAAX,12
0083000001SCMqEAAX,12
0083000001Sz90cAAB,12
0083000001VkIRzAAN,12
0083000001W2lABAAZ,12
0083000001buDhDAAU,12
0083000001d8CIpAAM,12
0083000001dZtp3AAC,12
0083000001gBTIuAAO,12
0083000001hARhSAAW,12
0083000001iMAGrAAO,12
0083000001jaL9YAAU,12
0083000001jb6ZPAAY,12
0083000001c4ckDAAQ,12
0083000001c4ckHAAQ,12
0083000001cgTMCAA2,12
0083000001dNc77AAC,12
0083000001dr5ipAAA,12
0083000001dysOGAAY,12
0083000001gBTJ1AAO,12
0083000001iMAGvAAO,12
0083000001jaL9bAAE,12
008a000001kcHR9AAM,12
0083000001gBTGzAAO,12
0084v00003qctiqAAA,12
0084v00003rxV5gAAE,12
0084v000040gpo4AAA,12
0084v00003qcttKAAQ,12
0084v00003qctteAAA,12
0084v00003qcuMgAAI,12
0084v00003qcuLAAAY,12
0084v00003rxHhWAAU,12
0084v00003tEAqUAAW,12
0084v00003tEAqVAAW,12
0084v00003qcuRRAAY,12
0084v00003qd1bDAAQ,12
0084v00003qe74zAAA,12
0084v00003qd1eRAAQ,12
0084v00003s00fBAAQ,12
0084v00003qd1fAAAQ,12
0084v00003s00fCAAQ,12
0084v00003qd1qhAAA,12
0084v00003rwzjIAAQ,12
0084v00003xS49OAAS,12
0084v00003qd1v8AAA,12
0084v00003rwA1dAAE,12
0084v00003rwA22AAE,12
0084v00003rwA1FAAU,12
0084v00003shcaKAAQ,12
0084v00003sjb0AAAQ,12
0084v00003tF5BYAA0,12
0084v00003tFCrLAAW,12
0084v00003tG58dAAC,12
0084v00003tnUpCAAU,12
0084v00003rwHZDAA2,12
0084v00003rwHT1AAM,12
0084v00003rwHUxAAM,12
0084v00003rwHiyAAE,12
0084v00003uEoSRAA0,12
0084v00003rwJlQAAU,12
0084v00003rwJlRAAU,12
0084v00003rwJlkAAE,12
0084v00003uGpjNAAS,12
0084v00003rwhwoAAA,12
0084v00003rwhx3AAA,12
0084v00003rwhx8AAA,12
0084v00003rxxeAAAQ,12
0084v00003ry6sPAAQ,12
0084v00003rwxVcAAI,12
0084v00003rwxWkAAI,12
0084v00003ryEF7AAM,12
0084v00003shGIEAA2,12
0084v00003siVtWAAU,12
0084v00003tExs0AAC,12
0084v00003tHDb9AAG,12
0084v00003uEnrMAAS,12
0084v00003uF6fTAAS,12
0084v00003rxCb1AAE,12
0084v00003rxCbaAAE,12
0084v000040fYDUAA2,12
0084v000040fYDtAAM,12
0084v00003rxI31AAE,12
0084v00003rxI3GAAU,12
0084v00003rxcHwAAI,12
0084v00003rxcIkAAI,12
0084v00003rxf0aAAA,12
0084v00003shc5wAAA,12
0084v00003ryBFaAAM,12
0084v00003ryDdhAAE,12
0084v00003ryDe1AAE,12
0084v000040fJobAAE,12
0084v00003ryDezAAE,12
0084v00003ryDf0AAE,12
0084v000040gmD7AAI,12
0084v00003ryRN2AAM,12
0084v00003ryddxAAA,12
0084v00003ryfiRAAQ,12
0084v00003ryfmEAAQ,12
0084v00003uI8FGAA0,12
0084v00003zfAC7AAM,12
0084v00003ubnYIAAY,12
0084v00003ubnf9AAA,12
0084v00003ubnhAAAQ,12
0084v00003uc7mNAAQ,12
0084v00003uboegAAA,12
0084v00003uboevAAA,12
0084v00003ucLvkAAE,12
0084v00003yOpodAAC,12
0084v00003yOppRAAS,12
0084v00003zf4z0AAA,12
0084v00003ucaevAAA,12
0084v00003ucaewAAA,12
0084v00003xPmWrAAK,12
0084v00003xPpO7AAK,12
0084v00003xQJ8zAAG,12
0084v00003yNvO8AAK,12
0084v00003ucfcmAAA,12
0084v00003ucfduAAA,12
0084v00003ud2zGAAQ,12
0084v00003ud30ZAAQ,12
0084v00003ud34QAAQ,12
0084v00003wgIghAAE,12
0084v00003wgXHrAAM,12
0084v00003udFJnAAM,12
0084v00003udFLAAA2,12
0084v00003xQ32aAAC,12
0084v00003xQEV9AAO,12
0084v00003yNXW9AAO,12
0084v00003ysToMAAU,12
0084v00003w4WCWAA2,12
0084v00003w4dhzAAA,12
0084v00003w4u57AAA,12
0084v00003w4mR5AAI,12
0084v000041yu0CAAQ,12
0084v000042r7vFAAQ,12
0084v000042rHTZAA2,12
0084v000043mDVPAA2,12
0084v000043mDVQAA2,12
0084v000043mDaZAAU,12
0084v00003w4sbUAAQ,12
0084v00003w4seJAAQ,12
0084v00003w4sh8AAA,12
0084v00003w4t50AAA,12
0084v00003w4t5FAAQ,12
0084v00003w4u9hAAA,12
0084v00003xTD53AAG,12
0084v00003w4tBmAAI,12
0084v00003w5D3pAAE,12
0084v00003xTZiKAAW,12
0084v00003w5RlWAAU,12
0084v00003w6AwBAAU,12
0084v00003zfCNWAA2,12
0084v00003w6IaRAAU,12
0084v00003w6JY2AAM,12
0084v00003w6JY8AAM,12
0084v00003w6JYCAA2,12
0084v000041xtopAAA,12
0084v00003wgXJTAA2,12
0084v00003wgXK2AAM,12
0084v00003wgX09AAE,12
0084v00003whlfMAAQ,12
0084v00003whlfWAAQ,12
0084v00003whlfgAAA,12
0084v0000415pAgAAI,12
0084v000041z6ehAAA,12
0084v00003wi0wVAAQ,12
0084v00003wiI7EAAU,12
0084v00003ziBD7AAM,12
0084v00003wiujkAAA,12
0084v00003xPyI6AAK,12
0084v00003xPyJEAA0,12
0084v00003xPyJiAAK,12
0084v00003xQEJhAAO,12
0084v00003xQXBGAA4,12
0084v00003xQXCsAAO,12
0084v00003xQf2vAAC,12
0084v00003xQf3FAAS,12
0084v00003rykqyAAA,12
0084v00003ryrK5AAI,12
0084v00003tDfPfAAK,12
0084v00003tDfPzAAK,12
0084v00003tDfQ9AAK,12
0084v00003tDfRRAA0,12
0084v00003tmpM2AAI,12
0084v00003tn1AMAAY,12
0084v00003tnOTdAAM,12
0084v00003tnWDPAA2,12
0084v00003to8PTAAY,12
0084v00003to8PYAAY,12
0084v00003to8PdAAI,12
0084v00003to8PiAAI,12
0084v00003to8ReAAI,12
0084v00003to8TuAAI,12
0084v00003rytWHAAY,12
0084v00003rytWRAAY,12
0084v00003rytWbAAI,12
0084v00003rz0seAAA,12
0084v00003rz0soAAA,12
0084v00003rz0t3AAA,12
0084v00003rz0tIAAQ,12
0084v000041x67QAAQ,12
0084v00003rzBxeAAE,12
0084v00003rzBxoAAE,12
0084v00003rzCPJAA2,12
0084v00003rzCPTAA2,12
0084v00003sj8MTAAY,12
0084v00003sj8JuAAI,12
0084v00003sj8RXAAY,12
0084v00003w61K1AAI,12
0084v00003whoS1AAI,12
0084v00003yO9uzAAC,12
0084v00003yr1FxAAI,12
0084v00003ytPzQAAU,12
0084v00003ytfShAAI,12
0084v000040gwemAAA,12
0084v00003rzgPDAAY,12
0084v00003rzgZSAAY,12
0084v00003rzgd9AAA,12
0084v00003shcCwAAI,12
0084v00003sjRSsAAM,12
0084v00003rzkN8AAI,12
0084v00003rzkO1AAI,12
0084v00003rzkOlAAI,12
0084v00003s04TbAAI,12
0084v00003s04TkAAI,12
0084v00003s04SYAAY,12
0084v00003s04UsAAI,12
0084v00003sgKRtAAM,12
0084v00003sgKUdAAM,12
0084v00003sgKVvAAM,12
0084v00003sgKflAAE,12
0084v00003w5mv2AAA,12
0084v00003w6EYiAAM,12
0084v00003sgKteAAE,12
0084v00003sgKt5AAE,12
0084v00003sgKvUAAU,12
0084v00003sgLcUAAU,12
0084v00003vZdLwAAK,12
0084v00003w51nTAAQ,12
0084v00003w51obAAA,12
0084v00003w51olAAA,12
0084v00003w51ovAAA,12
0084v00003sgKvvAAE,12
0084v00003sgKu4AAE,12
0084v00003sgKyiAAE,12
0084v00003sh8q0AAA,12
0084v00003uFzbBAAS,12
0084v00003yNXwcAAG,12
0084v0000415TCfAAM,12
0084v00003sgLALAA2,12
0084v00003sgL8VAAU,12
0084v00003sgLCfAAM,12
0084v00003w5msXAAQ,12
0084v00003w5wgDAAQ,12
0084v00003sgLVrAAM,12
0084v00003sgLVsAAM,12
0084v00003sgLWBAA2,12
0084v00003shs7qAAA,12
0084v00003shs80AAA,12
0084v00003si7LYAAY,12
0084v00003sj6uMAAQ,12
0084v00003tEd1iAAC,12
0084v00003tGxvXAAS,12
0084v00003tnVVhAAM,12
0084v00003uH58qAAC,12
0084v00003uHPxlAAG,12
0084v00003v55QPAAY,12
0084v00003vZCMGAA4,12
0084v00003ubXMGAA2,12
0084v00003w4T3TAAU,12
0084v00003whtzaAAA,12
0084v00003xQrp8AAC,12
0084v00003xRsBtAAK,12
0084v00003xSWyZAAW,12
0084v00003sgLqgAAE,12
0084v00003sgLqzAAE,12
0084v00003sgM4SAAU,12
0084v00003sgM4hAAE,12
0084v00003vFZhFAAW,12
0084v00003whLw1AAE,12
0084v00003zh7oUAAQ,12
0084v00003sgMJTAA2,12
0084v00003sgMJrAAM,12
0084v00003sgMJUAA2,12
0084v00003uFQRLAA4,12
0084v00003sgMQiAAM,12
0084v00003sgMRHAA2,12
0084v00003sgMRMAA2,12
0084v00003sh8r8AAA,12
0084v00003yNXwhAAG,12
0084v0000415TBOAA2,12
0084v00003sgPRlAAM,12
0084v00003sgPS5AAM,12
0084v00003sgPSFAA2,12
0084v00003uEbb6AAC,12
0084v00003uFMVsAAO,12
0084v00003sgRPtAAM,12
0084v00003sgRRHAA2,12
0084v00003sgRRMAA2,12
0084v00003sh8osAAA,12
0084v00003ucVSQAA2,12
0084v00003sgRYiAAM,12
0084v00003sgRa4AAE,12
0084v00003sgRaJAAU,12
0084v00003xPpdMAAS,12
0084v00003zg2TgAAI,12
0084v00003zh8TSAAY,12
0084v00003sgSRmAAM,12
0084v00003sgSRnAAM,12
0084v00003sgSSBAA2,12
0084v00003torAhAAI,12
0084v00003sgSUWAA2,12
0084v00003sgSRoAAM,12
0084v00003tnVn7AAE,12
0084v00003sgTBQAA2,12
0084v00003sgT91AAE,12
0084v00003sgT92AAE,12
0084v00003sgTEPAA2,12
0084v0000415q5SAAQ,12
0084v00003sgnoBAAQ,12
0084v00003sgnoCAAQ,12
0084v000041x6QhAAI,12
0084v00003sgy0iAAA,12
0084v00003shMXzAAM,12
0084v00003shQNYAA2,12
0084v00003shQNZAA2,12
0084v00003tnTgnAAE,12
0084v00003sgzTbAAI,12
0084v00003sgzUPAAY,12
0084v00003sh1Y4AAI,12
0084v00003sh6TOAAY,12
0084v00003sh6TYAAY,12
0084v00003sirnBAAQ,12
0084v00003sirnaAAA,12
0084v00003tFmTHAA0,12
0084v00003shkvwAAA,12
0084v00003shl5NAAQ,12
0084v00003shlCTAAY,12
0084v00003shlF3AAI,12
0084v00003si4N6AAI,12
0084v00003si4NVAAY,12
0084v00003si4JAAAY,12
0084v00003si5N3AAI,12
0084v00003sicXLAAY,12
0084v00003sicXVAAY,12
0084v00003sicddAAA,12
0084v00003siciYAAQ,12
0084v00003tnuzJAAQ,12
0084v00003sj6RjAAI,12
0084v00003sj6RkAAI,12
0084v00003sj6S3AAI,12
0084v00003sj6WoAAI,12
0084v00003sj6WtAAI,12
0084v00003sj9HEAAY,12
0084v00003sjuOFAAY,12
0084v00003sjuOGAAY,12
0084v00003sjuLIAAY,12
0084v00003tltsdAAA,12
0084v00003sjxHYAAY,12
0084v00003sjxJVAAY,12
0084v00003tExY5AAK,12
0084v00003tEy4uAAC,12
0084v00003tH3sfAAC,12
0084v00003v57N9AAI,12
0084v00003ucTslAAE,12
0084v00003wi6QdAAI,12
0084v00003sjz3OAAQ,12
0084v00003sjz47AAA,12
0084v00003sjz48AAA,12
0084v00003sjz4DAAQ,12
0084v00003tFBzjAAG,12
0084v00003tFC1yAAG,12
0084v00003tFC2DAAW,12
0084v00003sk6epAAA,12
0084v00003sk6f4AAA,12
0084v00003vZ1w8AAC,12
0084v00003vZ1wSAAS,12
0084v00003vZ1x6AAC,12
0084v00003whgJzAAI,12
0084v00003skG0lAAE,12
0084v00003skG1eAAE,12
0084v00003skG2XAAU,12
0084v00003tEy5dAAC,12
0084v00003tlpCxAAI,12
0084v00003vWbzdAAC,12
0084v00003ubuSHAAY,12
0084v00003tEAjTAAW,12
0084v00003tFCCwAAO,12
0084v00003tFCCxAAO,12
0084v00003uGQ84AAG,12
0084v00003tFWe4AAG,12
0084v00003tFWeTAAW,12
0084v00003tFekeAAC,12
0084v00003tFekfAAC,12
0084v00003w5A2hAAE,12
0084v000042sjpoAAA,12
0084v00003tFnwoAAC,12
0084v00003tlGmOAAU,12
0084v00003tG6A6AAK,12
0084v00003tG6AfAAK,12
0084v00003tG6BJAA0,12
0084v00003tnMScAAM,12
0084v00003w6jA8AAI,12
0084v00003wgIm1AAE,12
0084v00003wgImLAAU,12
0084v00003wgyiJAAQ,12
0084v00003wiF0UAAU,12
0084v00003xQE9SAAW,12
0084v00003xRGA6AAO,12
0084v00003tGjicAAC,12
0084v00003toFubAAE,12
0084v00003tGjjQAAS,12
0084v00003tHb2JAAS,12
0084v00003tHb3CAAS,12
0084v00003tHb3HAAS,12
0084v00003tHbkGAAS,12
0084v00003tHbkpAAC,12
0084v00003tHet2AAC,12
0084v00003tlTgaAAE,12
0084v00003tGuz6AAC,12
0084v00003tGuzGAAS,12
0084v00003uEut2AAC,12
0084v00003ubxxnAAA,12
0084v00003xRGABAA4,12
0084v00003zfCOKAA2,12
0084v00003tH2X7AAK,12
0084v00003tHg4kAAC,12
0084v00003tHg7jAAC,12
0084v00003tHmVkAAK,12
0084v00003uIFK2AAO,12
0084v00003w4wYhAAI,12
0084v00003wjfUuAAI,12
0084v00003tHSAnAAO,12
0084v00003tHSI7AAO,12
0084v00003tHSIvAAO,12
0084v00003tnw6BAAQ,12
0084v00003uFU0vAAG,12
0084v00003uFU1AAAW,12
0084v00003uGoRIAA0,12
0084v00003uI7gRAAS,12
0084v00003tlDTiAAM,12
0084v00003tlDU2AAM,12
0084v00003tnKoIAAU,12
0084v00003toLakAAE,12
0084v00003tlDlwAAE,12
0084v00003tlEkBAAU,12
0084v00003tlEmMAAU,12
0084v00003tlUjlAAE,12
0084v00003tlUjvAAE,12
0084v00003tlUlmAAE,12
0084v00003tmKeMAAU,12
0084v00003tnL7sAAE,12
0084v00003v57T6AAI,12
0084v00003ubXLIAA2,12
0084v00003udOgyAAE,12
0084v00003xRsGFAA0,12
0084v000040guqWAAQ,12
0084v0000415p6BAAQ,12
0084v00003tlHXZAA2,12
0084v00003tlHYcAAM,12
0084v00003tlkYGAAY,12
0084v00003tlkYuAAI,12
0084v00003tmKOOAA2,12
0084v00003uEbBsAAK,12
0084v00003uFUExAAO,12
0084v00003tmSOFAA2,12
0084v00003tmSQzAAM,12
0084v00003tmSUIAA2,12
0084v00003tmtptAAA,12
0084v00003tmtqXAAQ,12
0084v00003tmtujAAA,12
0084v00003tmuEFAAY,12
0084v00003tmuI9AAI,12
0084v00003tnVotAAE,12
0084v00003to3WoAAI,12
0084v00003uGBuFAAW,12
0084v00003uGBvNAAW,12
0084v00003v4vo5AAA,12
0084v00003w5lVDAAY,12
0084v00003zhq9WAAQ,12
0084v00003tnOZVAA2,12
0084v00003tnObCAAU,12
0084v00003tnUZYAA2,12
0084v00003tog28AAA,12
0084v00003uF34JAAS,12
0084v00003uGoYnAAK,12
0084v00003uH69uAAC,12
0084v00003tnUzvAAE,12
0084v00003tnV0ZAAU,12
0084v00003tnV0tAAE,12
0084v00003tng2EAAQ,12
0084v00003uFzbFAAS,12
0084v00003yNXuiAAG,12
0084v00003zh8MmAAI,12
0084v00003to5CHAAY,12
0084v00003w62TSAAY,12
0084v00003uEnHKAA0,12
0084v00003uFEY9AAO,12
0084v00003uFEsnAAG,12
0084v00003uFUuFAAW,12
0084v00003uG2bKAAS,12
0084v00003v4tRTAAY,12
0084v00003v4tRUAAY,12
0084v00003v4tT0AAI,12
0084v00003uG204AAC,12
0084v00003uG20JAAS,12
0084v00003uG20TAAS,12
0084v0000418GzFAAU,12
0084v000043mbKXAAY,12
0084v000043mbLoAAI,12
0084v000043mbWkAAI,12
0084v00003uHOwcAAG,12
0084v00003uHa9yAAC,12
0084v00003uHaANAA0,12
0084v00003uI9zUAAS,12
0084v00003uIA0cAAG,12
0084v00003uIA1LAAW,12
0084v00003w52cMAAQ,12
0084v00003wgCBYAA2,12
0084v00003wjVOxAAM,12
0084v00003xQYEGAA4,12
0084v00003xRrEdAAK,12
0084v00003xTiX6AAK,12
0084v00003v54WWAAY,12
0084v00003v54WvAAI,12
0084v00003v54XtAAI,12
0084v00003sb6acAAA,12
0084v000040f6B2AAI,12
0084v000040f6EQAAY,12
0084v00003vQHyqAAG,12
0084v00003vQLMZAA4,12
0084v00003vQNsVAAW,12
0084v00003vWgnzAAC,12
0084v00003vWgo4AAC,12
0084v00003vWgo5AAC,12
0084v00003udQijAAE,12
0084v00003w52bxAAA,12
0084v00003xRrRCAA0,12
0084v00003xRrRDAA0,12
0084v000040giVDAAY,12
0084v000040giTXAAY,12
0084v000040giX4AAI,12
0084v0000414lpEAAQ,12
0084v0000415pZqAAI,12
0084v0000415paFAAQ,12
0084v0000416QSnAAM,12
0084v0000416QTlAAM,12
0084v00003vYsAnAAK,12
0084v00003vYs9lAAC,12
0084v00003w5beYAAQ,12
0084v00003vYszLAAS,12
0084v00003whm7pAAA,12
0084v00003zgjfTAAQ,12
0084v00003vZK0PAAW,12
0084v00003vaDGJAA2,12
0084v00003vaDGKAA2,12
0084v00003xQrp3AAC,12
0084v00003vZepiAAC,12
0084v00003vaBYLAA2,12
0084v00003vaBYMAA2,12
0084v00003vaEXlAAM,12
0084v00003xRuRUAA0,12
0084v00003yNXmbAAG,12
0084v00003xT9w3AAC,12
0084v00003xTQgbAAG,12
0084v00003xTQlRAAW,12
0084v00003xTdAiAAK,12
0084v00003yMrHOAA0,12
0084v00003yNDoyAAG,12
0084v00003ytbDKAAY,12
0084v00003ytfgeAAA,12
0084v00003xTazqAAC,12
0084v00003yMd49AAC,12
0084v00003yMd8aAAC,12
0084v00003yMdACAA0,12
0084v00003yNtrUAAS,12
0084v00003yNtrmAAC,12
0084v00003yNuD4AAK,12
0084v00003yNuDYAA0,12
0084v0000414UgoAAE,12
0084v00003yNypgAAC,12
0084v00003yNyhvAAC,12
0084v00003yOtyEAAS,12
0084v00003yOSRwAAO,12
0084v00003yOSlSAAW,12
0084v00003yOSlXAAW,12
0084v00003yOqvGAAS,12
0084v00003yOqwnAAC,12
0084v00003yqM7aAAE,12
0084v00003yqM8EAAU,12
0084v00003yqM8YAAU,12
0084v00003zi0jlAAA,12
0084v000042qOk3AAE,12
0084v00003yqMBSAA2,12
0084v00003yqMBwAAM,12
0084v00003yqM8FAAU,12
0084v00003zi0yvAAA,12
0084v000040f5z6AAA,12
0084v0000415paUAAQ,12
0084v000041y4lBAAQ,12
0084v00004205RTAAY,12
0084v00003yqncAAAQ,12
0084v00003ytamdAAA,12
0084v00003yr1YtAAI,12
0084v00003yrCDUAA2,12
0084v00003yrCDeAAM,12
0084v00003yrCDjAAM,12
0084v00003yrCiwAAE,12
0084v00003yrbzmAAA,12
0084v00003yrc1MAAQ,12
0084v00003yrc1RAAQ,12
0084v00003yrc1NAAQ,12
0084v00003yrc4GAAQ,12
0084v00003yrc1OAAQ,12
0084v00003yrc4HAAQ,12
0084v00003yrsP7AAI,12
0084v00003yrsZGAAY,12
0084v00003ys3jzAAA,12
0084v00003ys4nbAAA,12
0084v00003ytHDnAAM,12
0084v00003ytHERAA2,12
0084v00003zehQUAAY,12
0084v000040giFFAAY,12
0084v0000415pdEAAQ,12
0084v0000418BclAAE,12
0084v00003ytAtDAAU,12
0084v00003ytDs8AAE,12
0084v00003ytE0HAAU,12
0084v0000417pNSAAY,12
0084v000041x5vyAAA,12
0084v00003ytRWwAAM,12
0084v000041y9IxAAI,12
0084v00003zeFdTAAU,12
0084v00003zeFdxAAE,12
0084v00003zeuycAAA,12
0084v00003zev12AAA,12
0084v00003zf1wNAAQ,12
0084v00003zf1wOAAQ,12
0084v00003zgtMcAAI,12
0084v00003zhYFQAA2,12
0084v00003zhYG4AAM,12
0084v00003zhcwMAAQ,12
0084v00003zhZyCAAU,12
0084v00003zha7OAAQ,12
0084v00003zhaK4AAI,12
0084v00003zhaNbAAI,12
0084v00003zhdP9AAI,12
0084v00003zhaLXAAY,12
0084v00003zhaQMAAY,12
0084v00003zhcwQAAQ,12
0084v00003zhcwcAAA,12
0084v00003zhcwdAAA,12
0084v00003zhcx1AAA,12
0084v00003zhcwlAAA,12
0084v00003zhcwSAAQ,12
0084v00003zhd3hAAA,12
0084v00003zhd3mAAA,12
0084v00003zhd3rAAA,12
0084v000042rAGZAA2,12
0084v00003zhnLzAAI,12
0084v00003zhnTTAAY,12
0084v00003zhnZHAAY,12
0084v00003zhzTIAAY,12
0084v00003zhzreAAA,12
0084v00003ziDNaAAM,12
0084v00003ziGD4AAM,12
0084v00003ziG9YAAU,12
0084v00003ziGEgAAM,12
0084v000040fNM7AAM,12
0084v000042pXsrAAE,12
0084v00003ziNueAAE,12
0084v00003ziNvNAAU,12
0084v00003ziNuiAAE,12
0084v00003ziNvOAAU,12
0084v00003ziNvnAAE,12
0084v00003ziPipAAE,12
0084v00003ziPj4AAE,12
0084v00003ziPoFAAU,12
0084v00003ziQ4vAAE,12
0084v00003ziQ4wAAE,12
0084v0000417rSmAAI,12
0084v0000417rnUAAQ,12
0084v000040fCcxAAE,12
0084v000040fEghAAE,12
0084v000040fEgmAAE,12
0084v000040fI8mAAE,12
0084v000040fMCcAAM,12
0084v000040fMIxAAM,12
0084v000040fMJ2AAM,12
0084v000040fbQIAAY,12
0084v000040fbcDAAQ,12
0084v000040gkTZAAY,12
0084v000040gkk1AAA,12
0084v000040gkmaAAA,12
0084v0000416CgJAAU,12
0084v000040gpCdAAI,12
0084v000040gpCnAAI,12
0084v0000417pwUAAQ,12
0084v00004205L1AAI,12
0084v000040hHcdAAE,12
0084v0000414hmVAAQ,12
0084v000040hPJ3AAM,12
0084v000040hPJhAAM,12
0084v0000414NfMAAU,12
0084v0000414NfIAAU,12
0084v0000416Ci3AAE,12
0084v0000414ikuAAA,12
0084v0000414ioDAAQ,12
0084v000041wvCnAAI,12
0084v000041zha3AAA,12
0084v0000415DyhAAE,12
0084v000041xkYWAAY,12
0084v000041zJ4eAAE,12
0084v000042s7ZtAAI,12
0084v0000415hi5AAA,12
0084v0000416vEbAAI,12
0084v0000417cMmAAI,12
0084v0000417t9vAAA,12
0084v0000417wFVAAY,12
0084v0000417wFhAAI,12
0084v00004186AaAAI,12
0084v0000418Bk1AAE,12
0084v0000418BkGAAU,12
0084v0000418BkHAAU,12
0084v000041x5M0AAI,12
0084v000041x5MFAAY,12
0084v000041ynCeAAI,12
0084v000041ytasAAA,12
0084v000041yyAVAAY,12
0084v000041z4iDAAQ,12
0084v000041zL8TAAU,12
0084v00004205SbAAI,12
0084v0000420HioAAE,12
0084v0000420IBRAA2,12
0084v000041zAd9AAE,12
0084v000041zAdxAAE,12
0084v000041zAeRAAU,12
0084v000041zAeWAAU,12
0084v00004205TFAAY,12
0084v0000420HitAAE,12
0084v0000420NXwAAM,12
0084v000042qNgVAAU,12
0084v000042qNhNAAU,12
0084v000042qNkqAAE,12
0084v000042rUIQAA2,12
0084v000041zuWLAAY,12
0084v00004206o4AAA,12
0084v0000420HemAAE,12
0084v0000420Hf1AAE,12
0084v0000420HfBAAU,12
0084v0000420PmrAAE,12
0084v0000420f5eAAA,12
0084v0000420NSIAA2,12
0084v0000420NScAAM,12
0084v0000420PltAAE,12
0084v000042pWqfAAE,12
0084v000042qNhIAAU,12
0084v000042qNhXAAU,12
0084v0000420esGAAQ,12
0084v0000420tIZAAY,12
0084v0000420tJ3AAI,12
0084v0000420tJNAAY,12
0084v000042pYfyAAE,12
0084v000042pYjCAAU,12
0084v000042pYi9AAE,12
0084v000042pYktAAE,12
0084v000042pwguAAA,12
0084v000042pwhdAAA,12
0084v000042pwheAAA,12
0084v000042pwhfAAA,12
0084v000042qKNTAA2,12
0084v000042qKN5AAM,12
0084v000042qKO7AAM,12
0084v000042qKO8AAM,12
0084v000042qNMUAA2,12
0084v000042qNMeAAM,12
0084v000042qNMjAAM,12
0084v000042rXCfAAM,12
0084v000042rtpAAAQ,12
0084v000042rtqRAAQ,12
0084v000042rtgcAAA,12
0084v000042s7v6AAA,12
0084v000042s7xbAAA,12
0084v000042sB7vAAE,12
0084v000042sJjCAAU,12
0084v000042sJl3AAE,12
0084v000042sxPmAAI,12
0084v000042tJS7AAM,12
0084v000042tT70AAE,12
0084v000042tTFnAAM,12
0084v000042tU3ZAAU,12
0084v000042tU6SAAU,12
0084v000043mCzYAAU,12
0084v000043mIdjAAE,12
008a000001nzsB3AAI,12
008a000001qNkIMAA0,12
008a000001qLXdKAAW,12
008a000001rSVtqAAG,12
008a000001rSWcmAAG,12
008a000001rTBHPAA4,12
008a000001s1tyhAAA,12
008a000001s1u0rAAA,12
008a000001t5FGiAAM,12
